fecha,producto_id,nombre,categoria,subcategoria,precio_base,es_estrella,unidades_vendidas,precio_venta,ingresos,Amazon,Decathlon,Deporvillage
2025-10-25,PROD_001,Nike Air Zoom Pegasus 40,Running,Zapatillas Running,115,True,26.0,113.13,2941.38,89.51,113.43,104.78
2025-10-25,PROD_002,Adidas Ultraboost 23,Running,Zapatillas Running,135,True,27.0,141.89,3831.03,128.73,112.91,122.88
2025-10-25,PROD_003,Asics Gel Nimbus 25,Running,Zapatillas Running,85,False,5.0,85.79,428.9500000000001,84.28,74.51,85.57
2025-10-25,PROD_004,New Balance Fresh Foam X 1080v12,Running,Zapatillas Running,75,False,3.0,76.19,228.57,75.54,70.32,71.13
2025-10-25,PROD_005,Nike Dri-FIT Miler,Running,Ropa Running,35,False,3.0,35.48,106.44,33.84,31.32,34.41
2025-10-25,PROD_006,Adidas Own The Run Jacket,Running,Ropa Running,65,False,1.0,64.32,64.32,65.84,57.47,63.14
2025-10-25,PROD_007,Puma Velocity Nitro 2,Running,Zapatillas Running,70,False,5.0,68.69,343.45,66.93,67.1,70.64
2025-10-25,PROD_008,Reebok Floatride Energy 5,Running,Zapatillas Running,65,False,5.0,64.7,323.5,62.39,59.33,66.25
2025-10-25,PROD_009,Bowflex SelectTech 552,Fitness,Mancuernas Ajustables,400,True,3.0,400.55,1201.65,414.66,359.91,360.14
2025-10-25,PROD_010,Domyos BM900,Fitness,Banco Gimnasio,175,True,3.0,166.37,499.11,188.07,151.66,166.54
2025-10-25,PROD_011,Reebok Professional Deck,Fitness,Esterilla Fitness,45,False,7.0,45.63,319.41,47.39,41.76,46.15
2025-10-25,PROD_012,Domyos Kit Mancuernas 20kg,Fitness,Pesas Casa,55,False,6.0,53.97,323.82,54.01,47.58,55.83
2025-10-25,PROD_013,Decathlon Bandas Elásticas Set,Fitness,Bandas Elásticas,25,False,1.0,24.78,24.78,24.71,23.51,24.36
2025-10-25,PROD_014,Sveltus Kettlebell 12kg,Fitness,Pesa Rusa,40,False,5.0,39.37,196.85,37.6,37.31,41.97
2025-10-25,PROD_015,Salomon Speedcross 5 GTX,Outdoor,Zapatillas Trail,150,True,6.0,147.95,887.6999999999999,144.02,135.81,126.36
2025-10-25,PROD_016,Trek Marlin 7,Outdoor,Bicicleta Montaña,830,True,5.0,867.37,4336.85,757.9,712.51,823.95
2025-10-25,PROD_017,The North Face Borealis,Outdoor,Mochila Trekking,95,False,3.0,94.34,283.02,96.46,85.49,91.48
2025-10-25,PROD_018,Columbia Silver Ridge,Outdoor,Ropa Montaña,70,False,3.0,70.82,212.46,76.45,66.23,68.6
2025-10-25,PROD_019,Merrell Moab 2 GTX,Outdoor,Zapatillas Trail,110,False,3.0,111.07,333.21,113.25,107.82,109.99
2025-10-25,PROD_020,Quechua MH500,Outdoor,Ropa Montaña,80,False,1.0,81.49,81.49,71.2,74.71,76.59
2025-10-25,PROD_021,Manduka PRO Yoga Mat,Wellness,Esterilla Yoga,130,True,10.0,130.12,1301.2,127.1,105.56,133.69
2025-10-25,PROD_022,Gaiam Premium Yoga Block,Wellness,Bloque Yoga,20,False,3.0,20.37,61.11,21.17,17.59,20.78
2025-10-25,PROD_023,Liforme Yoga Pad,Wellness,Rodillera Yoga,35,False,1.0,35.23,35.23,34.31,31.34,35.93
2025-10-25,PROD_024,Lotuscrafts Yoga Bolster,Wellness,Cojín Yoga,50,False,1.0,49.14,49.14,53.85,44.49,51.65
2025-10-26,PROD_001,Nike Air Zoom Pegasus 40,Running,Zapatillas Running,115,True,20.0,105.75,2115.0,86.44,114.57,94.06
2025-10-26,PROD_002,Adidas Ultraboost 23,Running,Zapatillas Running,135,True,19.0,131.64,2501.16,116.17,114.82,117.19
2025-10-26,PROD_003,Asics Gel Nimbus 25,Running,Zapatillas Running,85,False,5.0,85.71,428.55,89.49,76.28,86.29
2025-10-26,PROD_004,New Balance Fresh Foam X 1080v12,Running,Zapatillas Running,75,False,1.0,75.68,75.68,76.97,71.4,75.0
2025-10-26,PROD_005,Nike Dri-FIT Miler,Running,Ropa Running,35,False,6.0,35.53,213.18,37.51,32.93,35.7
2025-10-26,PROD_006,Adidas Own The Run Jacket,Running,Ropa Running,65,False,1.0,66.03,66.03,71.37,58.69,63.31
2025-10-26,PROD_007,Puma Velocity Nitro 2,Running,Zapatillas Running,70,False,2.0,70.9,141.8,72.99,63.2,67.14
2025-10-26,PROD_008,Reebok Floatride Energy 5,Running,Zapatillas Running,65,False,2.0,63.92,127.84,59.51,60.47,61.29
2025-10-26,PROD_009,Bowflex SelectTech 552,Fitness,Mancuernas Ajustables,400,True,3.0,412.56,1237.68,392.51,335.83,363.27
2025-10-26,PROD_010,Domyos BM900,Fitness,Banco Gimnasio,175,True,3.0,178.41,535.23,177.85,169.49,170.34
2025-10-26,PROD_011,Reebok Professional Deck,Fitness,Esterilla Fitness,45,False,6.0,45.32,271.92,46.85,43.19,46.03
2025-10-26,PROD_012,Domyos Kit Mancuernas 20kg,Fitness,Pesas Casa,55,False,7.0,55.53,388.71,49.44,48.86,51.75
2025-10-26,PROD_013,Decathlon Bandas Elásticas Set,Fitness,Bandas Elásticas,25,False,1.0,25.11,25.11,25.39,21.99,25.87
2025-10-26,PROD_014,Sveltus Kettlebell 12kg,Fitness,Pesa Rusa,40,False,8.0,39.44,315.52,38.68,36.5,38.96
2025-10-26,PROD_015,Salomon Speedcross 5 GTX,Outdoor,Zapatillas Trail,150,True,5.0,147.92,739.5999999999999,135.05,156.74,129.76
2025-10-26,PROD_016,Trek Marlin 7,Outdoor,Bicicleta Montaña,830,True,4.0,776.35,3105.4,787.34,678.72,755.79
2025-10-26,PROD_017,The North Face Borealis,Outdoor,Mochila Trekking,95,False,1.0,95.84,95.84,83.99,87.44,97.75
2025-10-26,PROD_018,Columbia Silver Ridge,Outdoor,Ropa Montaña,70,False,5.0,71.16,355.79999999999995,65.42,64.23,72.28
2025-10-26,PROD_019,Merrell Moab 2 GTX,Outdoor,Zapatillas Trail,110,False,3.0,109.39,328.17,109.11,98.07,109.36
2025-10-26,PROD_020,Quechua MH500,Outdoor,Ropa Montaña,80,False,3.0,79.82,239.46,78.78,78.26,80.45
2025-10-26,PROD_021,Manduka PRO Yoga Mat,Wellness,Esterilla Yoga,130,True,7.0,131.02,917.14,134.43,118.43,125.61
2025-10-26,PROD_022,Gaiam Premium Yoga Block,Wellness,Bloque Yoga,20,False,2.0,20.12,40.24,19.69,18.15,19.63
2025-10-26,PROD_023,Liforme Yoga Pad,Wellness,Rodillera Yoga,35,False,2.0,35.69,71.38,32.57,30.32,35.28
2025-10-26,PROD_024,Lotuscrafts Yoga Bolster,Wellness,Cojín Yoga,50,False,4.0,49.66,198.64,47.97,45.35,48.76
2025-10-27,PROD_001,Nike Air Zoom Pegasus 40,Running,Zapatillas Running,115,True,16.0,114.95,1839.2,86.91,112.53,93.78
2025-10-27,PROD_002,Adidas Ultraboost 23,Running,Zapatillas Running,135,True,15.0,132.45,1986.75,115.1,111.66,130.9
2025-10-27,PROD_003,Asics Gel Nimbus 25,Running,Zapatillas Running,85,False,3.0,84.33,252.99,82.8,70.37,87.61
2025-10-27,PROD_004,New Balance Fresh Foam X 1080v12,Running,Zapatillas Running,75,False,6.0,73.53,441.18,75.67,66.6,79.33
2025-10-27,PROD_005,Nike Dri-FIT Miler,Running,Ropa Running,35,False,1.0,35.35,35.35,33.72,30.02,33.29
2025-10-27,PROD_006,Adidas Own The Run Jacket,Running,Ropa Running,65,False,2.0,63.81,127.62,62.9,57.76,64.14
2025-10-27,PROD_007,Puma Velocity Nitro 2,Running,Zapatillas Running,70,False,2.0,69.24,138.48,71.37,65.91,72.09
2025-10-27,PROD_008,Reebok Floatride Energy 5,Running,Zapatillas Running,65,False,1.0,64.62,64.62,61.14,61.44,62.69
2025-10-27,PROD_009,Bowflex SelectTech 552,Fitness,Mancuernas Ajustables,400,True,2.0,425.32,850.64,391.92,315.37,374.1
2025-10-27,PROD_010,Domyos BM900,Fitness,Banco Gimnasio,175,True,2.0,174.91,349.82,179.79,150.01,175.59
2025-10-27,PROD_011,Reebok Professional Deck,Fitness,Esterilla Fitness,45,False,4.0,44.7,178.8,45.32,40.17,45.77
2025-10-27,PROD_012,Domyos Kit Mancuernas 20kg,Fitness,Pesas Casa,55,False,12.0,55.5,666.0,57.8,50.3,54.64
2025-10-27,PROD_013,Decathlon Bandas Elásticas Set,Fitness,Bandas Elásticas,25,False,1.0,24.68,24.68,24.53,22.0,25.49
2025-10-27,PROD_014,Sveltus Kettlebell 12kg,Fitness,Pesa Rusa,40,False,3.0,39.39,118.17,38.84,36.21,39.21
2025-10-27,PROD_015,Salomon Speedcross 5 GTX,Outdoor,Zapatillas Trail,150,True,5.0,158.99,794.95,149.46,157.57,132.34
2025-10-27,PROD_016,Trek Marlin 7,Outdoor,Bicicleta Montaña,830,True,3.0,810.04,2430.12,767.56,760.48,851.4
2025-10-27,PROD_017,The North Face Borealis,Outdoor,Mochila Trekking,95,False,1.0,95.74,95.74,85.64,90.16,92.37
2025-10-27,PROD_018,Columbia Silver Ridge,Outdoor,Ropa Montaña,70,False,4.0,69.49,277.96,68.57,63.15,67.29
2025-10-27,PROD_019,Merrell Moab 2 GTX,Outdoor,Zapatillas Trail,110,False,2.0,112.07,224.14,106.24,99.39,100.54
2025-10-27,PROD_020,Quechua MH500,Outdoor,Ropa Montaña,80,False,4.0,80.22,320.88,74.41,74.15,78.31
2025-10-27,PROD_021,Manduka PRO Yoga Mat,Wellness,Esterilla Yoga,130,True,6.0,128.83,772.98,129.94,112.9,117.64
2025-10-27,PROD_022,Gaiam Premium Yoga Block,Wellness,Bloque Yoga,20,False,2.0,19.95,39.9,20.55,17.36,19.82
2025-10-27,PROD_023,Liforme Yoga Pad,Wellness,Rodillera Yoga,35,False,2.0,35.63,71.26,31.65,33.09,34.07
2025-10-27,PROD_024,Lotuscrafts Yoga Bolster,Wellness,Cojín Yoga,50,False,2.0,50.34,100.68,51.08,43.72,50.85
2025-10-28,PROD_001,Nike Air Zoom Pegasus 40,Running,Zapatillas Running,115,True,15.0,117.31,1759.65,82.31,118.68,108.45
2025-10-28,PROD_002,Adidas Ultraboost 23,Running,Zapatillas Running,135,True,12.0,126.61,1519.32,119.04,119.76,126.58
2025-10-28,PROD_003,Asics Gel Nimbus 25,Running,Zapatillas Running,85,False,6.0,83.77,502.62,78.0,75.07,79.99
2025-10-28,PROD_004,New Balance Fresh Foam X 1080v12,Running,Zapatillas Running,75,False,5.0,75.46,377.3,77.44,66.0,72.42
2025-10-28,PROD_005,Nike Dri-FIT Miler,Running,Ropa Running,35,False,2.0,35.6,71.2,36.96,31.78,36.31
2025-10-28,PROD_006,Adidas Own The Run Jacket,Running,Ropa Running,65,False,1.0,64.24,64.24,64.82,54.84,64.15
2025-10-28,PROD_007,Puma Velocity Nitro 2,Running,Zapatillas Running,70,False,6.0,70.12,420.72,73.64,62.1,66.46
2025-10-28,PROD_008,Reebok Floatride Energy 5,Running,Zapatillas Running,65,False,8.0,65.43,523.44,64.96,59.65,66.47
2025-10-28,PROD_009,Bowflex SelectTech 552,Fitness,Mancuernas Ajustables,400,True,2.0,406.0,812.0,373.73,352.76,395.47
2025-10-28,PROD_010,Domyos BM900,Fitness,Banco Gimnasio,175,True,3.0,169.32,507.96,182.91,167.27,153.65
2025-10-28,PROD_011,Reebok Professional Deck,Fitness,Esterilla Fitness,45,False,6.0,45.01,270.06,45.87,41.45,45.01
2025-10-28,PROD_012,Domyos Kit Mancuernas 20kg,Fitness,Pesas Casa,55,False,8.0,54.51,436.08,57.01,50.66,56.11
2025-10-28,PROD_013,Decathlon Bandas Elásticas Set,Fitness,Bandas Elásticas,25,False,10.0,24.61,246.1,25.15,21.52,25.38
2025-10-28,PROD_014,Sveltus Kettlebell 12kg,Fitness,Pesa Rusa,40,False,5.0,40.02,200.1,36.93,37.7,40.49
2025-10-28,PROD_015,Salomon Speedcross 5 GTX,Outdoor,Zapatillas Trail,150,True,4.0,150.77,603.08,148.02,151.12,135.98
2025-10-28,PROD_016,Trek Marlin 7,Outdoor,Bicicleta Montaña,830,True,3.0,843.07,2529.21,782.87,677.72,801.79
2025-10-28,PROD_017,The North Face Borealis,Outdoor,Mochila Trekking,95,False,3.0,94.93,284.79,90.23,85.17,95.08
2025-10-28,PROD_018,Columbia Silver Ridge,Outdoor,Ropa Montaña,70,False,4.0,69.83,279.32,67.14,64.41,70.24
2025-10-28,PROD_019,Merrell Moab 2 GTX,Outdoor,Zapatillas Trail,110,False,4.0,109.04,436.16,103.16,100.4,103.19
2025-10-28,PROD_020,Quechua MH500,Outdoor,Ropa Montaña,80,False,2.0,79.92,159.84,73.14,73.58,80.37
2025-10-28,PROD_021,Manduka PRO Yoga Mat,Wellness,Esterilla Yoga,130,True,6.0,131.55,789.3000000000001,135.49,122.85,121.31
2025-10-28,PROD_022,Gaiam Premium Yoga Block,Wellness,Bloque Yoga,20,False,1.0,19.64,19.64,18.59,17.96,21.07
2025-10-28,PROD_023,Liforme Yoga Pad,Wellness,Rodillera Yoga,35,False,3.0,35.09,105.27,37.37,30.7,34.04
2025-10-28,PROD_024,Lotuscrafts Yoga Bolster,Wellness,Cojín Yoga,50,False,4.0,49.2,196.8,48.4,44.07,47.97
2025-10-29,PROD_001,Nike Air Zoom Pegasus 40,Running,Zapatillas Running,115,True,14.0,108.1,1513.4,83.96,111.43,106.17
2025-10-29,PROD_002,Adidas Ultraboost 23,Running,Zapatillas Running,135,True,14.0,135.78,1900.92,121.47,111.28,127.52
2025-10-29,PROD_003,Asics Gel Nimbus 25,Running,Zapatillas Running,85,False,8.0,83.98,671.84,83.88,84.63,85.81
2025-10-29,PROD_004,New Balance Fresh Foam X 1080v12,Running,Zapatillas Running,75,False,1.0,75.74,75.74,78.36,69.4,76.57
2025-10-29,PROD_005,Nike Dri-FIT Miler,Running,Ropa Running,35,False,5.0,34.44,172.2,36.3,32.04,36.09
2025-10-29,PROD_006,Adidas Own The Run Jacket,Running,Ropa Running,65,False,3.0,65.78,197.34,62.34,59.74,64.12
2025-10-29,PROD_007,Puma Velocity Nitro 2,Running,Zapatillas Running,70,False,1.0,69.89,69.89,75.39,64.19,76.33
2025-10-29,PROD_008,Reebok Floatride Energy 5,Running,Zapatillas Running,65,False,1.0,63.83,63.83,73.74,59.08,67.78
2025-10-29,PROD_009,Bowflex SelectTech 552,Fitness,Mancuernas Ajustables,400,True,2.0,441.33,882.66,387.39,363.45,356.04
2025-10-29,PROD_010,Domyos BM900,Fitness,Banco Gimnasio,175,True,2.0,179.07,358.14,180.3,152.21,158.16
2025-10-29,PROD_011,Reebok Professional Deck,Fitness,Esterilla Fitness,45,False,1.0,45.24,45.24,46.61,43.35,45.3
2025-10-29,PROD_012,Domyos Kit Mancuernas 20kg,Fitness,Pesas Casa,55,False,1.0,55.29,55.29,52.96,51.02,56.03
2025-10-29,PROD_013,Decathlon Bandas Elásticas Set,Fitness,Bandas Elásticas,25,False,4.0,25.31,101.24,25.6,22.31,25.02
2025-10-29,PROD_014,Sveltus Kettlebell 12kg,Fitness,Pesa Rusa,40,False,11.0,39.88,438.68,37.28,36.3,38.09
2025-10-29,PROD_015,Salomon Speedcross 5 GTX,Outdoor,Zapatillas Trail,150,True,5.0,140.94,704.7,144.39,152.45,138.03
2025-10-29,PROD_016,Trek Marlin 7,Outdoor,Bicicleta Montaña,830,True,3.0,785.23,2355.69,770.41,698.15,793.45
2025-10-29,PROD_017,The North Face Borealis,Outdoor,Mochila Trekking,95,False,6.0,95.23,571.38,104.33,91.5,97.84
2025-10-29,PROD_018,Columbia Silver Ridge,Outdoor,Ropa Montaña,70,False,3.0,70.01,210.03000000000003,69.48,64.93,67.02
2025-10-29,PROD_019,Merrell Moab 2 GTX,Outdoor,Zapatillas Trail,110,False,2.0,111.33,222.66,105.91,101.74,121.39
2025-10-29,PROD_020,Quechua MH500,Outdoor,Ropa Montaña,80,False,6.0,81.18,487.08,80.98,72.17,80.38
2025-10-29,PROD_021,Manduka PRO Yoga Mat,Wellness,Esterilla Yoga,130,True,6.0,127.97,767.8199999999999,130.85,109.21,123.53
2025-10-29,PROD_022,Gaiam Premium Yoga Block,Wellness,Bloque Yoga,20,False,3.0,19.77,59.31,20.26,18.01,21.57
2025-10-29,PROD_023,Liforme Yoga Pad,Wellness,Rodillera Yoga,35,False,1.0,35.59,35.59,34.97,31.01,34.43
2025-10-29,PROD_024,Lotuscrafts Yoga Bolster,Wellness,Cojín Yoga,50,False,2.0,49.14,98.28,49.6,43.5,49.98
2025-10-30,PROD_001,Nike Air Zoom Pegasus 40,Running,Zapatillas Running,115,True,10.0,113.24,1132.4,89.12,124.61,102.33
2025-10-30,PROD_002,Adidas Ultraboost 23,Running,Zapatillas Running,135,True,13.0,138.36,1798.6800000000003,121.04,113.8,112.42
2025-10-30,PROD_003,Asics Gel Nimbus 25,Running,Zapatillas Running,85,False,4.0,83.88,335.52,82.57,75.92,83.6
2025-10-30,PROD_004,New Balance Fresh Foam X 1080v12,Running,Zapatillas Running,75,False,9.0,73.78,664.02,68.99,66.45,76.72
2025-10-30,PROD_005,Nike Dri-FIT Miler,Running,Ropa Running,35,False,2.0,35.55,71.1,36.56,32.39,34.71
2025-10-30,PROD_006,Adidas Own The Run Jacket,Running,Ropa Running,65,False,3.0,65.8,197.4,62.22,60.45,63.06
2025-10-30,PROD_007,Puma Velocity Nitro 2,Running,Zapatillas Running,70,False,3.0,71.04,213.12,70.18,64.03,71.46
2025-10-30,PROD_008,Reebok Floatride Energy 5,Running,Zapatillas Running,65,False,2.0,63.98,127.96,65.26,58.59,69.78
2025-10-30,PROD_009,Bowflex SelectTech 552,Fitness,Mancuernas Ajustables,400,True,2.0,388.78,777.56,385.11,347.46,403.6
2025-10-30,PROD_010,Domyos BM900,Fitness,Banco Gimnasio,175,True,2.0,177.27,354.54,181.51,157.55,170.16
2025-10-30,PROD_011,Reebok Professional Deck,Fitness,Esterilla Fitness,45,False,5.0,45.07,225.35,44.15,41.04,45.41
2025-10-30,PROD_012,Domyos Kit Mancuernas 20kg,Fitness,Pesas Casa,55,False,6.0,54.3,325.79999999999995,55.66,49.87,51.57
2025-10-30,PROD_013,Decathlon Bandas Elásticas Set,Fitness,Bandas Elásticas,25,False,6.0,25.1,150.60000000000002,25.03,22.79,25.0
2025-10-30,PROD_014,Sveltus Kettlebell 12kg,Fitness,Pesa Rusa,40,False,1.0,40.52,40.52,41.92,37.51,39.73
2025-10-30,PROD_015,Salomon Speedcross 5 GTX,Outdoor,Zapatillas Trail,150,True,3.0,149.83,449.49,134.29,159.19,143.08
2025-10-30,PROD_016,Trek Marlin 7,Outdoor,Bicicleta Montaña,830,True,3.0,789.42,2368.26,809.57,716.2,869.13
2025-10-30,PROD_017,The North Face Borealis,Outdoor,Mochila Trekking,95,False,2.0,96.24,192.48,98.49,84.44,94.41
2025-10-30,PROD_018,Columbia Silver Ridge,Outdoor,Ropa Montaña,70,False,4.0,71.07,284.28,65.52,63.46,69.84
2025-10-30,PROD_019,Merrell Moab 2 GTX,Outdoor,Zapatillas Trail,110,False,4.0,109.55,438.2,109.13,100.84,106.26
2025-10-30,PROD_020,Quechua MH500,Outdoor,Ropa Montaña,80,False,2.0,79.28,158.56,79.13,70.42,79.59
2025-10-30,PROD_021,Manduka PRO Yoga Mat,Wellness,Esterilla Yoga,130,True,5.0,131.41,657.05,123.83,117.52,137.02
2025-10-30,PROD_022,Gaiam Premium Yoga Block,Wellness,Bloque Yoga,20,False,2.0,20.14,40.28,20.32,17.29,20.59
2025-10-30,PROD_023,Liforme Yoga Pad,Wellness,Rodillera Yoga,35,False,3.0,35.63,106.89,32.22,34.12,35.68
2025-10-30,PROD_024,Lotuscrafts Yoga Bolster,Wellness,Cojín Yoga,50,False,4.0,50.41,201.64,48.08,42.67,48.02
2025-10-31,PROD_001,Nike Air Zoom Pegasus 40,Running,Zapatillas Running,115,True,14.0,110.93,1553.02,83.19,111.07,101.95
2025-10-31,PROD_002,Adidas Ultraboost 23,Running,Zapatillas Running,135,True,13.0,131.06,1703.78,116.42,105.63,124.76
2025-10-31,PROD_003,Asics Gel Nimbus 25,Running,Zapatillas Running,85,False,2.0,83.71,167.42,93.3,76.1,84.52
2025-10-31,PROD_004,New Balance Fresh Foam X 1080v12,Running,Zapatillas Running,75,False,3.0,75.39,226.17,74.54,71.99,73.7
2025-10-31,PROD_005,Nike Dri-FIT Miler,Running,Ropa Running,35,False,4.0,35.18,140.72,35.89,30.01,34.29
2025-10-31,PROD_006,Adidas Own The Run Jacket,Running,Ropa Running,65,False,1.0,64.96,64.96,59.67,62.0,68.41
2025-10-31,PROD_007,Puma Velocity Nitro 2,Running,Zapatillas Running,70,False,4.0,70.58,282.32,70.82,64.34,66.73
2025-10-31,PROD_008,Reebok Floatride Energy 5,Running,Zapatillas Running,65,False,3.0,64.83,194.49,67.14,58.13,66.53
2025-10-31,PROD_009,Bowflex SelectTech 552,Fitness,Mancuernas Ajustables,400,True,2.0,398.28,796.56,366.05,354.74,352.22
2025-10-31,PROD_010,Domyos BM900,Fitness,Banco Gimnasio,175,True,3.0,170.46,511.38,197.06,149.19,167.74
2025-10-31,PROD_011,Reebok Professional Deck,Fitness,Esterilla Fitness,45,False,7.0,44.28,309.96000000000004,45.41,41.43,45.63
2025-10-31,PROD_012,Domyos Kit Mancuernas 20kg,Fitness,Pesas Casa,55,False,5.0,55.82,279.1,56.93,45.61,57.39
2025-10-31,PROD_013,Decathlon Bandas Elásticas Set,Fitness,Bandas Elásticas,25,False,2.0,25.11,50.22,23.93,23.65,24.67
2025-10-31,PROD_014,Sveltus Kettlebell 12kg,Fitness,Pesa Rusa,40,False,4.0,39.97,159.88,38.97,37.06,37.65
2025-10-31,PROD_015,Salomon Speedcross 5 GTX,Outdoor,Zapatillas Trail,150,True,4.0,147.87,591.48,147.96,141.03,139.54
2025-10-31,PROD_016,Trek Marlin 7,Outdoor,Bicicleta Montaña,830,True,3.0,820.38,2461.14,829.28,691.29,818.57
2025-10-31,PROD_017,The North Face Borealis,Outdoor,Mochila Trekking,95,False,3.0,96.08,288.24,92.13,89.53,96.86
2025-10-31,PROD_018,Columbia Silver Ridge,Outdoor,Ropa Montaña,70,False,2.0,70.08,140.16,71.84,64.66,70.25
2025-10-31,PROD_019,Merrell Moab 2 GTX,Outdoor,Zapatillas Trail,110,False,2.0,110.03,220.06,105.66,100.06,114.2
2025-10-31,PROD_020,Quechua MH500,Outdoor,Ropa Montaña,80,False,3.0,81.16,243.48,72.08,75.86,77.07
2025-10-31,PROD_021,Manduka PRO Yoga Mat,Wellness,Esterilla Yoga,130,True,6.0,131.32,787.92,134.84,118.69,116.82
2025-10-31,PROD_022,Gaiam Premium Yoga Block,Wellness,Bloque Yoga,20,False,3.0,20.19,60.57000000000001,19.09,18.9,18.94
2025-10-31,PROD_023,Liforme Yoga Pad,Wellness,Rodillera Yoga,35,False,6.0,35.36,212.16,33.35,30.61,34.72
2025-10-31,PROD_024,Lotuscrafts Yoga Bolster,Wellness,Cojín Yoga,50,False,1.0,49.41,49.41,47.99,42.83,49.58
2025-11-01,PROD_001,Nike Air Zoom Pegasus 40,Running,Zapatillas Running,115,True,,115.0,,81.78,117.08,102.97
2025-11-01,PROD_002,Adidas Ultraboost 23,Running,Zapatillas Running,135,True,,135.0,,121.0,116.13,120.11
2025-11-01,PROD_003,Asics Gel Nimbus 25,Running,Zapatillas Running,85,False,,86.39,,88.64,74.21,85.22
2025-11-01,PROD_004,New Balance Fresh Foam X 1080v12,Running,Zapatillas Running,75,False,,74.09,,85.42,65.98,76.98
2025-11-01,PROD_005,Nike Dri-FIT Miler,Running,Ropa Running,35,False,,34.76,,36.95,32.91,35.69
2025-11-01,PROD_006,Adidas Own The Run Jacket,Running,Ropa Running,65,False,,63.8,,63.82,60.99,61.98
2025-11-01,PROD_007,Puma Velocity Nitro 2,Running,Zapatillas Running,70,False,,70.3,,75.74,62.67,67.11
2025-11-01,PROD_008,Reebok Floatride Energy 5,Running,Zapatillas Running,65,False,,64.41,,68.08,55.66,67.77
2025-11-01,PROD_009,Bowflex SelectTech 552,Fitness,Mancuernas Ajustables,400,True,,400.0,,389.87,351.56,355.83
2025-11-01,PROD_010,Domyos BM900,Fitness,Banco Gimnasio,175,True,,175.0,,199.88,158.87,160.44
2025-11-01,PROD_011,Reebok Professional Deck,Fitness,Esterilla Fitness,45,False,,44.22,,47.31,39.68,45.16
2025-11-01,PROD_012,Domyos Kit Mancuernas 20kg,Fitness,Pesas Casa,55,False,,54.26,,49.8,50.98,54.82
2025-11-01,PROD_013,Decathlon Bandas Elásticas Set,Fitness,Bandas Elásticas,25,False,,25.4,,23.13,22.22,24.26
2025-11-01,PROD_014,Sveltus Kettlebell 12kg,Fitness,Pesa Rusa,40,False,,39.22,,40.48,35.36,39.73
2025-11-01,PROD_015,Salomon Speedcross 5 GTX,Outdoor,Zapatillas Trail,150,True,,150.0,,146.88,142.99,143.31
2025-11-01,PROD_016,Trek Marlin 7,Outdoor,Bicicleta Montaña,830,True,,830.0,,823.61,719.37,850.89
2025-11-01,PROD_017,The North Face Borealis,Outdoor,Mochila Trekking,95,False,,95.07,,88.71,86.24,91.85
2025-11-01,PROD_018,Columbia Silver Ridge,Outdoor,Ropa Montaña,70,False,,69.12,,68.51,64.55,70.53
2025-11-01,PROD_019,Merrell Moab 2 GTX,Outdoor,Zapatillas Trail,110,False,,110.89,,106.15,95.04,101.69
2025-11-01,PROD_020,Quechua MH500,Outdoor,Ropa Montaña,80,False,,80.84,,76.87,73.58,72.79
2025-11-01,PROD_021,Manduka PRO Yoga Mat,Wellness,Esterilla Yoga,130,True,,130.0,,135.86,118.93,136.38
2025-11-01,PROD_022,Gaiam Premium Yoga Block,Wellness,Bloque Yoga,20,False,,19.92,,19.09,18.63,19.73
2025-11-01,PROD_023,Liforme Yoga Pad,Wellness,Rodillera Yoga,35,False,,35.39,,36.57,31.64,30.44
2025-11-01,PROD_024,Lotuscrafts Yoga Bolster,Wellness,Cojín Yoga,50,False,,49.57,,50.29,45.71,48.43
2025-11-02,PROD_001,Nike Air Zoom Pegasus 40,Running,Zapatillas Running,115,True,,115.0,,86.36,110.03,96.83
2025-11-02,PROD_002,Adidas Ultraboost 23,Running,Zapatillas Running,135,True,,135.0,,114.52,113.78,126.45
2025-11-02,PROD_003,Asics Gel Nimbus 25,Running,Zapatillas Running,85,False,,85.16,,76.03,78.17,87.39
2025-11-02,PROD_004,New Balance Fresh Foam X 1080v12,Running,Zapatillas Running,75,False,,73.57,,70.19,69.57,73.81
2025-11-02,PROD_005,Nike Dri-FIT Miler,Running,Ropa Running,35,False,,34.43,,35.95,31.24,34.87
2025-11-02,PROD_006,Adidas Own The Run Jacket,Running,Ropa Running,65,False,,66.03,,74.72,61.51,64.08
2025-11-02,PROD_007,Puma Velocity Nitro 2,Running,Zapatillas Running,70,False,,71.36,,69.56,69.36,70.95
2025-11-02,PROD_008,Reebok Floatride Energy 5,Running,Zapatillas Running,65,False,,63.94,,64.35,60.56,65.42
2025-11-02,PROD_009,Bowflex SelectTech 552,Fitness,Mancuernas Ajustables,400,True,,400.0,,390.69,360.96,368.63
2025-11-02,PROD_010,Domyos BM900,Fitness,Banco Gimnasio,175,True,,175.0,,196.2,153.19,187.25
2025-11-02,PROD_011,Reebok Professional Deck,Fitness,Esterilla Fitness,45,False,,44.72,,43.5,40.48,45.15
2025-11-02,PROD_012,Domyos Kit Mancuernas 20kg,Fitness,Pesas Casa,55,False,,54.47,,51.06,52.3,54.03
2025-11-02,PROD_013,Decathlon Bandas Elásticas Set,Fitness,Bandas Elásticas,25,False,,25.32,,26.08,24.17,24.16
2025-11-02,PROD_014,Sveltus Kettlebell 12kg,Fitness,Pesa Rusa,40,False,,40.08,,42.58,36.38,39.73
2025-11-02,PROD_015,Salomon Speedcross 5 GTX,Outdoor,Zapatillas Trail,150,True,,150.0,,146.67,143.89,130.77
2025-11-02,PROD_016,Trek Marlin 7,Outdoor,Bicicleta Montaña,830,True,,830.0,,797.79,740.68,840.54
2025-11-02,PROD_017,The North Face Borealis,Outdoor,Mochila Trekking,95,False,,93.44,,85.12,88.18,89.53
2025-11-02,PROD_018,Columbia Silver Ridge,Outdoor,Ropa Montaña,70,False,,70.11,,66.18,66.35,73.14
2025-11-02,PROD_019,Merrell Moab 2 GTX,Outdoor,Zapatillas Trail,110,False,,111.79,,101.22,102.72,116.18
2025-11-02,PROD_020,Quechua MH500,Outdoor,Ropa Montaña,80,False,,79.98,,84.17,73.54,79.47
2025-11-02,PROD_021,Manduka PRO Yoga Mat,Wellness,Esterilla Yoga,130,True,,130.0,,136.26,113.57,119.26
2025-11-02,PROD_022,Gaiam Premium Yoga Block,Wellness,Bloque Yoga,20,False,,19.89,,20.55,17.17,20.07
2025-11-02,PROD_023,Liforme Yoga Pad,Wellness,Rodillera Yoga,35,False,,34.59,,32.73,32.41,36.12
2025-11-02,PROD_024,Lotuscrafts Yoga Bolster,Wellness,Cojín Yoga,50,False,,49.15,,50.21,45.47,50.19
2025-11-03,PROD_001,Nike Air Zoom Pegasus 40,Running,Zapatillas Running,115,True,,115.0,,80.95,111.73,105.86
2025-11-03,PROD_002,Adidas Ultraboost 23,Running,Zapatillas Running,135,True,,135.0,,120.78,107.31,125.41
2025-11-03,PROD_003,Asics Gel Nimbus 25,Running,Zapatillas Running,85,False,,86.43,,84.38,76.74,79.77
2025-11-03,PROD_004,New Balance Fresh Foam X 1080v12,Running,Zapatillas Running,75,False,,73.55,,77.36,68.06,76.36
2025-11-03,PROD_005,Nike Dri-FIT Miler,Running,Ropa Running,35,False,,35.07,,36.61,31.86,33.8
2025-11-03,PROD_006,Adidas Own The Run Jacket,Running,Ropa Running,65,False,,65.08,,61.5,57.73,62.19
2025-11-03,PROD_007,Puma Velocity Nitro 2,Running,Zapatillas Running,70,False,,69.72,,69.44,62.86,67.05
2025-11-03,PROD_008,Reebok Floatride Energy 5,Running,Zapatillas Running,65,False,,65.97,,59.86,60.96,66.49
2025-11-03,PROD_009,Bowflex SelectTech 552,Fitness,Mancuernas Ajustables,400,True,,400.0,,392.69,330.84,371.11
2025-11-03,PROD_010,Domyos BM900,Fitness,Banco Gimnasio,175,True,,175.0,,183.74,146.42,173.46
2025-11-03,PROD_011,Reebok Professional Deck,Fitness,Esterilla Fitness,45,False,,45.67,,43.81,41.72,47.58
2025-11-03,PROD_012,Domyos Kit Mancuernas 20kg,Fitness,Pesas Casa,55,False,,56.03,,55.72,47.76,54.43
2025-11-03,PROD_013,Decathlon Bandas Elásticas Set,Fitness,Bandas Elásticas,25,False,,24.6,,23.69,24.42,23.81
2025-11-03,PROD_014,Sveltus Kettlebell 12kg,Fitness,Pesa Rusa,40,False,,39.44,,38.17,38.01,38.53
2025-11-03,PROD_015,Salomon Speedcross 5 GTX,Outdoor,Zapatillas Trail,150,True,,150.0,,146.22,158.74,145.11
2025-11-03,PROD_016,Trek Marlin 7,Outdoor,Bicicleta Montaña,830,True,,830.0,,726.77,715.19,832.28
2025-11-03,PROD_017,The North Face Borealis,Outdoor,Mochila Trekking,95,False,,95.9,,89.3,92.14,98.79
2025-11-03,PROD_018,Columbia Silver Ridge,Outdoor,Ropa Montaña,70,False,,69.89,,69.35,63.8,63.99
2025-11-03,PROD_019,Merrell Moab 2 GTX,Outdoor,Zapatillas Trail,110,False,,109.16,,107.42,100.62,116.53
2025-11-03,PROD_020,Quechua MH500,Outdoor,Ropa Montaña,80,False,,81.05,,80.88,73.97,83.84
2025-11-03,PROD_021,Manduka PRO Yoga Mat,Wellness,Esterilla Yoga,130,True,,130.0,,136.53,117.09,137.02
2025-11-03,PROD_022,Gaiam Premium Yoga Block,Wellness,Bloque Yoga,20,False,,20.27,,19.75,17.63,18.04
2025-11-03,PROD_023,Liforme Yoga Pad,Wellness,Rodillera Yoga,35,False,,34.59,,34.2,32.03,35.89
2025-11-03,PROD_024,Lotuscrafts Yoga Bolster,Wellness,Cojín Yoga,50,False,,49.18,,54.22,47.73,47.3
2025-11-04,PROD_001,Nike Air Zoom Pegasus 40,Running,Zapatillas Running,115,True,,115.0,,89.83,120.46,106.37
2025-11-04,PROD_002,Adidas Ultraboost 23,Running,Zapatillas Running,135,True,,135.0,,123.43,112.46,129.05
2025-11-04,PROD_003,Asics Gel Nimbus 25,Running,Zapatillas Running,85,False,,86.12,,81.64,73.86,81.7
2025-11-04,PROD_004,New Balance Fresh Foam X 1080v12,Running,Zapatillas Running,75,False,,76.4,,71.09,64.61,73.22
2025-11-04,PROD_005,Nike Dri-FIT Miler,Running,Ropa Running,35,False,,34.5,,34.17,32.71,36.65
2025-11-04,PROD_006,Adidas Own The Run Jacket,Running,Ropa Running,65,False,,64.68,,62.52,57.2,68.52
2025-11-04,PROD_007,Puma Velocity Nitro 2,Running,Zapatillas Running,70,False,,70.1,,64.05,63.29,71.22
2025-11-04,PROD_008,Reebok Floatride Energy 5,Running,Zapatillas Running,65,False,,65.41,,67.59,60.22,64.82
2025-11-04,PROD_009,Bowflex SelectTech 552,Fitness,Mancuernas Ajustables,400,True,,400.0,,371.38,342.23,359.86
2025-11-04,PROD_010,Domyos BM900,Fitness,Banco Gimnasio,175,True,,175.0,,183.96,170.62,154.76
2025-11-04,PROD_011,Reebok Professional Deck,Fitness,Esterilla Fitness,45,False,,45.33,,44.87,38.7,44.25
2025-11-04,PROD_012,Domyos Kit Mancuernas 20kg,Fitness,Pesas Casa,55,False,,54.06,,54.96,48.22,57.07
2025-11-04,PROD_013,Decathlon Bandas Elásticas Set,Fitness,Bandas Elásticas,25,False,,25.24,,25.27,22.48,25.4
2025-11-04,PROD_014,Sveltus Kettlebell 12kg,Fitness,Pesa Rusa,40,False,,39.96,,37.27,34.6,41.88
2025-11-04,PROD_015,Salomon Speedcross 5 GTX,Outdoor,Zapatillas Trail,150,True,,150.0,,147.09,138.11,134.81
2025-11-04,PROD_016,Trek Marlin 7,Outdoor,Bicicleta Montaña,830,True,,830.0,,820.95,750.95,766.18
2025-11-04,PROD_017,The North Face Borealis,Outdoor,Mochila Trekking,95,False,,93.55,,97.27,90.1,93.33
2025-11-04,PROD_018,Columbia Silver Ridge,Outdoor,Ropa Montaña,70,False,,70.92,,66.2,62.94,71.92
2025-11-04,PROD_019,Merrell Moab 2 GTX,Outdoor,Zapatillas Trail,110,False,,108.3,,115.2,97.33,99.93
2025-11-04,PROD_020,Quechua MH500,Outdoor,Ropa Montaña,80,False,,81.46,,78.82,72.71,79.07
2025-11-04,PROD_021,Manduka PRO Yoga Mat,Wellness,Esterilla Yoga,130,True,,130.0,,128.38,118.07,119.98
2025-11-04,PROD_022,Gaiam Premium Yoga Block,Wellness,Bloque Yoga,20,False,,20.02,,19.78,18.19,19.99
2025-11-04,PROD_023,Liforme Yoga Pad,Wellness,Rodillera Yoga,35,False,,34.87,,35.71,32.45,36.57
2025-11-04,PROD_024,Lotuscrafts Yoga Bolster,Wellness,Cojín Yoga,50,False,,49.03,,51.96,47.49,51.81
2025-11-05,PROD_001,Nike Air Zoom Pegasus 40,Running,Zapatillas Running,115,True,,115.0,,88.32,114.45,98.06
2025-11-05,PROD_002,Adidas Ultraboost 23,Running,Zapatillas Running,135,True,,135.0,,131.62,117.72,111.92
2025-11-05,PROD_003,Asics Gel Nimbus 25,Running,Zapatillas Running,85,False,,85.15,,86.38,76.51,82.36
2025-11-05,PROD_004,New Balance Fresh Foam X 1080v12,Running,Zapatillas Running,75,False,,74.01,,77.93,70.14,74.65
2025-11-05,PROD_005,Nike Dri-FIT Miler,Running,Ropa Running,35,False,,34.44,,35.23,31.45,34.26
2025-11-05,PROD_006,Adidas Own The Run Jacket,Running,Ropa Running,65,False,,65.75,,67.52,57.6,64.39
2025-11-05,PROD_007,Puma Velocity Nitro 2,Running,Zapatillas Running,70,False,,69.57,,68.8,67.45,68.96
2025-11-05,PROD_008,Reebok Floatride Energy 5,Running,Zapatillas Running,65,False,,64.28,,58.7,60.96,65.32
2025-11-05,PROD_009,Bowflex SelectTech 552,Fitness,Mancuernas Ajustables,400,True,,400.0,,389.03,334.75,383.4
2025-11-05,PROD_010,Domyos BM900,Fitness,Banco Gimnasio,175,True,,175.0,,176.15,154.34,174.69
2025-11-05,PROD_011,Reebok Professional Deck,Fitness,Esterilla Fitness,45,False,,45.89,,41.9,37.98,45.68
2025-11-05,PROD_012,Domyos Kit Mancuernas 20kg,Fitness,Pesas Casa,55,False,,54.85,,53.34,51.44,52.1
2025-11-05,PROD_013,Decathlon Bandas Elásticas Set,Fitness,Bandas Elásticas,25,False,,24.6,,24.9,22.64,25.89
2025-11-05,PROD_014,Sveltus Kettlebell 12kg,Fitness,Pesa Rusa,40,False,,40.63,,39.67,37.98,38.16
2025-11-05,PROD_015,Salomon Speedcross 5 GTX,Outdoor,Zapatillas Trail,150,True,,150.0,,148.32,141.27,135.74
2025-11-05,PROD_016,Trek Marlin 7,Outdoor,Bicicleta Montaña,830,True,,830.0,,761.24,725.34,884.18
2025-11-05,PROD_017,The North Face Borealis,Outdoor,Mochila Trekking,95,False,,94.56,,103.73,91.24,92.67
2025-11-05,PROD_018,Columbia Silver Ridge,Outdoor,Ropa Montaña,70,False,,68.88,,71.72,62.82,68.7
2025-11-05,PROD_019,Merrell Moab 2 GTX,Outdoor,Zapatillas Trail,110,False,,109.42,,108.96,96.81,108.95
2025-11-05,PROD_020,Quechua MH500,Outdoor,Ropa Montaña,80,False,,81.11,,84.5,72.74,82.46
2025-11-05,PROD_021,Manduka PRO Yoga Mat,Wellness,Esterilla Yoga,130,True,,130.0,,135.81,106.47,130.27
2025-11-05,PROD_022,Gaiam Premium Yoga Block,Wellness,Bloque Yoga,20,False,,19.97,,19.99,18.57,19.08
2025-11-05,PROD_023,Liforme Yoga Pad,Wellness,Rodillera Yoga,35,False,,35.38,,33.05,31.01,35.51
2025-11-05,PROD_024,Lotuscrafts Yoga Bolster,Wellness,Cojín Yoga,50,False,,50.22,,46.72,44.15,51.82
2025-11-06,PROD_001,Nike Air Zoom Pegasus 40,Running,Zapatillas Running,115,True,,115.0,,95.91,119.89,93.57
2025-11-06,PROD_002,Adidas Ultraboost 23,Running,Zapatillas Running,135,True,,135.0,,116.53,121.22,119.94
2025-11-06,PROD_003,Asics Gel Nimbus 25,Running,Zapatillas Running,85,False,,83.32,,87.68,79.18,87.41
2025-11-06,PROD_004,New Balance Fresh Foam X 1080v12,Running,Zapatillas Running,75,False,,75.59,,70.94,68.76,74.56
2025-11-06,PROD_005,Nike Dri-FIT Miler,Running,Ropa Running,35,False,,34.42,,35.21,33.32,34.26
2025-11-06,PROD_006,Adidas Own The Run Jacket,Running,Ropa Running,65,False,,65.1,,69.63,60.37,61.86
2025-11-06,PROD_007,Puma Velocity Nitro 2,Running,Zapatillas Running,70,False,,68.99,,64.6,63.78,66.27
2025-11-06,PROD_008,Reebok Floatride Energy 5,Running,Zapatillas Running,65,False,,63.79,,60.77,61.44,64.89
2025-11-06,PROD_009,Bowflex SelectTech 552,Fitness,Mancuernas Ajustables,400,True,,400.0,,393.77,360.03,352.09
2025-11-06,PROD_010,Domyos BM900,Fitness,Banco Gimnasio,175,True,,175.0,,182.69,139.83,161.85
2025-11-06,PROD_011,Reebok Professional Deck,Fitness,Esterilla Fitness,45,False,,45.35,,43.93,42.81,47.15
2025-11-06,PROD_012,Domyos Kit Mancuernas 20kg,Fitness,Pesas Casa,55,False,,55.45,,53.75,49.78,54.33
2025-11-06,PROD_013,Decathlon Bandas Elásticas Set,Fitness,Bandas Elásticas,25,False,,24.73,,27.89,23.89,23.33
2025-11-06,PROD_014,Sveltus Kettlebell 12kg,Fitness,Pesa Rusa,40,False,,39.9,,41.51,35.98,42.87
2025-11-06,PROD_015,Salomon Speedcross 5 GTX,Outdoor,Zapatillas Trail,150,True,,150.0,,140.61,140.9,149.02
2025-11-06,PROD_016,Trek Marlin 7,Outdoor,Bicicleta Montaña,830,True,,830.0,,724.77,732.95,816.34
2025-11-06,PROD_017,The North Face Borealis,Outdoor,Mochila Trekking,95,False,,94.37,,88.82,85.28,97.18
2025-11-06,PROD_018,Columbia Silver Ridge,Outdoor,Ropa Montaña,70,False,,69.57,,75.53,63.32,72.88
2025-11-06,PROD_019,Merrell Moab 2 GTX,Outdoor,Zapatillas Trail,110,False,,108.15,,110.58,101.85,108.79
2025-11-06,PROD_020,Quechua MH500,Outdoor,Ropa Montaña,80,False,,80.03,,82.46,73.48,79.57
2025-11-06,PROD_021,Manduka PRO Yoga Mat,Wellness,Esterilla Yoga,130,True,,130.0,,142.68,105.42,131.8
2025-11-06,PROD_022,Gaiam Premium Yoga Block,Wellness,Bloque Yoga,20,False,,20.22,,21.05,18.31,21.15
2025-11-06,PROD_023,Liforme Yoga Pad,Wellness,Rodillera Yoga,35,False,,35.53,,31.8,32.36,34.31
2025-11-06,PROD_024,Lotuscrafts Yoga Bolster,Wellness,Cojín Yoga,50,False,,50.89,,50.46,45.26,50.37
2025-11-07,PROD_001,Nike Air Zoom Pegasus 40,Running,Zapatillas Running,115,True,,115.0,,87.44,108.78,103.82
2025-11-07,PROD_002,Adidas Ultraboost 23,Running,Zapatillas Running,135,True,,135.0,,120.68,110.89,124.77
2025-11-07,PROD_003,Asics Gel Nimbus 25,Running,Zapatillas Running,85,False,,85.78,,81.1,76.72,85.61
2025-11-07,PROD_004,New Balance Fresh Foam X 1080v12,Running,Zapatillas Running,75,False,,76.13,,69.9,70.54,77.22
2025-11-07,PROD_005,Nike Dri-FIT Miler,Running,Ropa Running,35,False,,35.63,,33.42,31.78,35.28
2025-11-07,PROD_006,Adidas Own The Run Jacket,Running,Ropa Running,65,False,,64.44,,64.01,62.05,61.2
2025-11-07,PROD_007,Puma Velocity Nitro 2,Running,Zapatillas Running,70,False,,69.77,,69.18,65.32,74.31
2025-11-07,PROD_008,Reebok Floatride Energy 5,Running,Zapatillas Running,65,False,,65.94,,67.05,58.32,67.14
2025-11-07,PROD_009,Bowflex SelectTech 552,Fitness,Mancuernas Ajustables,400,True,,400.0,,378.51,348.4,380.05
2025-11-07,PROD_010,Domyos BM900,Fitness,Banco Gimnasio,175,True,,175.0,,197.38,145.69,187.25
2025-11-07,PROD_011,Reebok Professional Deck,Fitness,Esterilla Fitness,45,False,,44.59,,46.41,41.03,48.06
2025-11-07,PROD_012,Domyos Kit Mancuernas 20kg,Fitness,Pesas Casa,55,False,,55.76,,60.64,50.97,57.7
2025-11-07,PROD_013,Decathlon Bandas Elásticas Set,Fitness,Bandas Elásticas,25,False,,25.0,,23.73,24.03,26.58
2025-11-07,PROD_014,Sveltus Kettlebell 12kg,Fitness,Pesa Rusa,40,False,,40.25,,38.85,36.92,40.92
2025-11-07,PROD_015,Salomon Speedcross 5 GTX,Outdoor,Zapatillas Trail,150,True,,150.0,,128.88,149.29,141.97
2025-11-07,PROD_016,Trek Marlin 7,Outdoor,Bicicleta Montaña,830,True,,830.0,,790.1,726.44,802.27
2025-11-07,PROD_017,The North Face Borealis,Outdoor,Mochila Trekking,95,False,,95.07,,95.98,86.37,92.75
2025-11-07,PROD_018,Columbia Silver Ridge,Outdoor,Ropa Montaña,70,False,,69.59,,75.2,63.77,72.9
2025-11-07,PROD_019,Merrell Moab 2 GTX,Outdoor,Zapatillas Trail,110,False,,110.74,,104.0,104.87,109.1
2025-11-07,PROD_020,Quechua MH500,Outdoor,Ropa Montaña,80,False,,80.6,,78.0,75.17,82.73
2025-11-07,PROD_021,Manduka PRO Yoga Mat,Wellness,Esterilla Yoga,130,True,,130.0,,129.85,110.49,129.84
2025-11-07,PROD_022,Gaiam Premium Yoga Block,Wellness,Bloque Yoga,20,False,,20.38,,20.62,18.6,19.71
2025-11-07,PROD_023,Liforme Yoga Pad,Wellness,Rodillera Yoga,35,False,,34.48,,34.8,32.75,31.63
2025-11-07,PROD_024,Lotuscrafts Yoga Bolster,Wellness,Cojín Yoga,50,False,,50.18,,52.54,47.46,49.39
2025-11-08,PROD_001,Nike Air Zoom Pegasus 40,Running,Zapatillas Running,115,True,,115.0,,88.92,110.37,106.09
2025-11-08,PROD_002,Adidas Ultraboost 23,Running,Zapatillas Running,135,True,,135.0,,121.34,118.71,128.24
2025-11-08,PROD_003,Asics Gel Nimbus 25,Running,Zapatillas Running,85,False,,84.43,,89.33,77.08,83.22
2025-11-08,PROD_004,New Balance Fresh Foam X 1080v12,Running,Zapatillas Running,75,False,,75.61,,68.96,66.04,75.76
2025-11-08,PROD_005,Nike Dri-FIT Miler,Running,Ropa Running,35,False,,34.89,,37.55,31.68,34.87
2025-11-08,PROD_006,Adidas Own The Run Jacket,Running,Ropa Running,65,False,,65.18,,60.05,60.42,62.81
2025-11-08,PROD_007,Puma Velocity Nitro 2,Running,Zapatillas Running,70,False,,68.64,,74.06,61.57,70.93
2025-11-08,PROD_008,Reebok Floatride Energy 5,Running,Zapatillas Running,65,False,,65.86,,64.96,58.33,63.94
2025-11-08,PROD_009,Bowflex SelectTech 552,Fitness,Mancuernas Ajustables,400,True,,400.0,,370.35,336.54,381.55
2025-11-08,PROD_010,Domyos BM900,Fitness,Banco Gimnasio,175,True,,175.0,,188.67,155.06,171.44
2025-11-08,PROD_011,Reebok Professional Deck,Fitness,Esterilla Fitness,45,False,,44.82,,42.71,42.48,44.59
2025-11-08,PROD_012,Domyos Kit Mancuernas 20kg,Fitness,Pesas Casa,55,False,,55.81,,54.0,50.03,54.85
2025-11-08,PROD_013,Decathlon Bandas Elásticas Set,Fitness,Bandas Elásticas,25,False,,25.19,,24.08,22.99,24.44
2025-11-08,PROD_014,Sveltus Kettlebell 12kg,Fitness,Pesa Rusa,40,False,,40.18,,40.17,35.65,40.43
2025-11-08,PROD_015,Salomon Speedcross 5 GTX,Outdoor,Zapatillas Trail,150,True,,150.0,,151.17,145.92,141.69
2025-11-08,PROD_016,Trek Marlin 7,Outdoor,Bicicleta Montaña,830,True,,830.0,,771.65,740.89,856.51
2025-11-08,PROD_017,The North Face Borealis,Outdoor,Mochila Trekking,95,False,,96.42,,86.47,85.73,95.86
2025-11-08,PROD_018,Columbia Silver Ridge,Outdoor,Ropa Montaña,70,False,,71.34,,66.54,64.66,66.72
2025-11-08,PROD_019,Merrell Moab 2 GTX,Outdoor,Zapatillas Trail,110,False,,110.6,,110.25,100.82,112.82
2025-11-08,PROD_020,Quechua MH500,Outdoor,Ropa Montaña,80,False,,78.83,,75.51,69.96,77.85
2025-11-08,PROD_021,Manduka PRO Yoga Mat,Wellness,Esterilla Yoga,130,True,,130.0,,138.59,118.87,132.69
2025-11-08,PROD_022,Gaiam Premium Yoga Block,Wellness,Bloque Yoga,20,False,,19.61,,19.41,18.84,19.41
2025-11-08,PROD_023,Liforme Yoga Pad,Wellness,Rodillera Yoga,35,False,,34.38,,33.02,30.87,35.85
2025-11-08,PROD_024,Lotuscrafts Yoga Bolster,Wellness,Cojín Yoga,50,False,,50.17,,49.61,45.08,46.67
2025-11-09,PROD_001,Nike Air Zoom Pegasus 40,Running,Zapatillas Running,115,True,,115.0,,87.49,117.96,99.82
2025-11-09,PROD_002,Adidas Ultraboost 23,Running,Zapatillas Running,135,True,,135.0,,121.44,113.49,124.94
2025-11-09,PROD_003,Asics Gel Nimbus 25,Running,Zapatillas Running,85,False,,84.41,,88.59,81.31,84.31
2025-11-09,PROD_004,New Balance Fresh Foam X 1080v12,Running,Zapatillas Running,75,False,,76.1,,76.56,68.43,76.7
2025-11-09,PROD_005,Nike Dri-FIT Miler,Running,Ropa Running,35,False,,34.96,,35.38,31.09,35.55
2025-11-09,PROD_006,Adidas Own The Run Jacket,Running,Ropa Running,65,False,,64.19,,63.04,57.69,63.07
2025-11-09,PROD_007,Puma Velocity Nitro 2,Running,Zapatillas Running,70,False,,71.29,,69.04,61.37,76.15
2025-11-09,PROD_008,Reebok Floatride Energy 5,Running,Zapatillas Running,65,False,,63.9,,63.52,57.14,68.09
2025-11-09,PROD_009,Bowflex SelectTech 552,Fitness,Mancuernas Ajustables,400,True,,400.0,,396.55,332.0,403.6
2025-11-09,PROD_010,Domyos BM900,Fitness,Banco Gimnasio,175,True,,175.0,,174.25,145.88,180.18
2025-11-09,PROD_011,Reebok Professional Deck,Fitness,Esterilla Fitness,45,False,,44.51,,42.32,43.27,44.8
2025-11-09,PROD_012,Domyos Kit Mancuernas 20kg,Fitness,Pesas Casa,55,False,,55.07,,54.63,50.14,52.85
2025-11-09,PROD_013,Decathlon Bandas Elásticas Set,Fitness,Bandas Elásticas,25,False,,25.08,,24.32,22.6,24.4
2025-11-09,PROD_014,Sveltus Kettlebell 12kg,Fitness,Pesa Rusa,40,False,,40.02,,38.7,36.3,39.9
2025-11-09,PROD_015,Salomon Speedcross 5 GTX,Outdoor,Zapatillas Trail,150,True,,150.0,,147.81,155.22,142.24
2025-11-09,PROD_016,Trek Marlin 7,Outdoor,Bicicleta Montaña,830,True,,830.0,,778.9,716.64,814.06
2025-11-09,PROD_017,The North Face Borealis,Outdoor,Mochila Trekking,95,False,,96.15,,88.57,78.52,94.32
2025-11-09,PROD_018,Columbia Silver Ridge,Outdoor,Ropa Montaña,70,False,,70.52,,74.01,63.15,71.1
2025-11-09,PROD_019,Merrell Moab 2 GTX,Outdoor,Zapatillas Trail,110,False,,111.64,,106.69,101.34,104.55
2025-11-09,PROD_020,Quechua MH500,Outdoor,Ropa Montaña,80,False,,79.07,,83.34,71.85,82.04
2025-11-09,PROD_021,Manduka PRO Yoga Mat,Wellness,Esterilla Yoga,130,True,,130.0,,128.63,119.84,123.62
2025-11-09,PROD_022,Gaiam Premium Yoga Block,Wellness,Bloque Yoga,20,False,,20.01,,18.76,17.34,20.1
2025-11-09,PROD_023,Liforme Yoga Pad,Wellness,Rodillera Yoga,35,False,,35.34,,32.91,31.75,36.44
2025-11-09,PROD_024,Lotuscrafts Yoga Bolster,Wellness,Cojín Yoga,50,False,,50.92,,52.75,45.07,50.93
2025-11-10,PROD_001,Nike Air Zoom Pegasus 40,Running,Zapatillas Running,115,True,,115.0,,83.89,112.42,103.57
2025-11-10,PROD_002,Adidas Ultraboost 23,Running,Zapatillas Running,135,True,,135.0,,116.05,109.66,125.85
2025-11-10,PROD_003,Asics Gel Nimbus 25,Running,Zapatillas Running,85,False,,83.71,,89.46,80.25,87.11
2025-11-10,PROD_004,New Balance Fresh Foam X 1080v12,Running,Zapatillas Running,75,False,,75.0,,76.79,71.2,76.92
2025-11-10,PROD_005,Nike Dri-FIT Miler,Running,Ropa Running,35,False,,35.65,,37.66,30.4,33.78
2025-11-10,PROD_006,Adidas Own The Run Jacket,Running,Ropa Running,65,False,,66.03,,64.79,57.69,65.06
2025-11-10,PROD_007,Puma Velocity Nitro 2,Running,Zapatillas Running,70,False,,68.79,,70.22,62.08,71.33
2025-11-10,PROD_008,Reebok Floatride Energy 5,Running,Zapatillas Running,65,False,,65.58,,63.95,58.38,68.5
2025-11-10,PROD_009,Bowflex SelectTech 552,Fitness,Mancuernas Ajustables,400,True,,400.0,,390.11,337.48,360.11
2025-11-10,PROD_010,Domyos BM900,Fitness,Banco Gimnasio,175,True,,175.0,,185.3,144.07,158.63
2025-11-10,PROD_011,Reebok Professional Deck,Fitness,Esterilla Fitness,45,False,,45.84,,47.41,41.57,44.55
2025-11-10,PROD_012,Domyos Kit Mancuernas 20kg,Fitness,Pesas Casa,55,False,,55.95,,54.96,47.03,56.9
2025-11-10,PROD_013,Decathlon Bandas Elásticas Set,Fitness,Bandas Elásticas,25,False,,24.73,,23.44,22.3,24.77
2025-11-10,PROD_014,Sveltus Kettlebell 12kg,Fitness,Pesa Rusa,40,False,,39.34,,39.35,36.8,37.84
2025-11-10,PROD_015,Salomon Speedcross 5 GTX,Outdoor,Zapatillas Trail,150,True,,150.0,,137.39,148.82,140.1
2025-11-10,PROD_016,Trek Marlin 7,Outdoor,Bicicleta Montaña,830,True,,830.0,,835.7,779.27,804.27
2025-11-10,PROD_017,The North Face Borealis,Outdoor,Mochila Trekking,95,False,,94.76,,103.17,89.39,97.2
2025-11-10,PROD_018,Columbia Silver Ridge,Outdoor,Ropa Montaña,70,False,,70.94,,72.88,61.2,70.08
2025-11-10,PROD_019,Merrell Moab 2 GTX,Outdoor,Zapatillas Trail,110,False,,107.85,,110.76,94.42,106.72
2025-11-10,PROD_020,Quechua MH500,Outdoor,Ropa Montaña,80,False,,78.45,,82.76,74.2,77.81
2025-11-10,PROD_021,Manduka PRO Yoga Mat,Wellness,Esterilla Yoga,130,True,,130.0,,132.99,108.01,124.42
2025-11-10,PROD_022,Gaiam Premium Yoga Block,Wellness,Bloque Yoga,20,False,,20.28,,20.02,18.65,20.49
2025-11-10,PROD_023,Liforme Yoga Pad,Wellness,Rodillera Yoga,35,False,,34.72,,37.05,30.98,34.36
2025-11-10,PROD_024,Lotuscrafts Yoga Bolster,Wellness,Cojín Yoga,50,False,,50.95,,46.99,44.23,49.56
2025-11-11,PROD_001,Nike Air Zoom Pegasus 40,Running,Zapatillas Running,115,True,,115.0,,86.17,115.98,97.15
2025-11-11,PROD_002,Adidas Ultraboost 23,Running,Zapatillas Running,135,True,,135.0,,122.63,122.69,123.66
2025-11-11,PROD_003,Asics Gel Nimbus 25,Running,Zapatillas Running,85,False,,85.21,,84.74,81.89,76.09
2025-11-11,PROD_004,New Balance Fresh Foam X 1080v12,Running,Zapatillas Running,75,False,,76.17,,77.11,65.51,70.44
2025-11-11,PROD_005,Nike Dri-FIT Miler,Running,Ropa Running,35,False,,35.52,,35.19,32.04,35.0
2025-11-11,PROD_006,Adidas Own The Run Jacket,Running,Ropa Running,65,False,,63.99,,64.47,60.08,64.19
2025-11-11,PROD_007,Puma Velocity Nitro 2,Running,Zapatillas Running,70,False,,71.11,,67.95,62.6,69.54
2025-11-11,PROD_008,Reebok Floatride Energy 5,Running,Zapatillas Running,65,False,,64.53,,65.32,61.06,65.68
2025-11-11,PROD_009,Bowflex SelectTech 552,Fitness,Mancuernas Ajustables,400,True,,400.0,,392.99,358.55,361.34
2025-11-11,PROD_010,Domyos BM900,Fitness,Banco Gimnasio,175,True,,175.0,,185.23,155.32,171.27
2025-11-11,PROD_011,Reebok Professional Deck,Fitness,Esterilla Fitness,45,False,,45.5,,46.23,41.83,46.02
2025-11-11,PROD_012,Domyos Kit Mancuernas 20kg,Fitness,Pesas Casa,55,False,,54.9,,55.72,46.85,61.11
2025-11-11,PROD_013,Decathlon Bandas Elásticas Set,Fitness,Bandas Elásticas,25,False,,25.02,,25.16,21.55,25.28
2025-11-11,PROD_014,Sveltus Kettlebell 12kg,Fitness,Pesa Rusa,40,False,,39.76,,38.1,37.41,41.43
2025-11-11,PROD_015,Salomon Speedcross 5 GTX,Outdoor,Zapatillas Trail,150,True,,150.0,,137.02,150.64,141.36
2025-11-11,PROD_016,Trek Marlin 7,Outdoor,Bicicleta Montaña,830,True,,830.0,,834.77,782.9,893.91
2025-11-11,PROD_017,The North Face Borealis,Outdoor,Mochila Trekking,95,False,,93.7,,89.43,87.67,97.16
2025-11-11,PROD_018,Columbia Silver Ridge,Outdoor,Ropa Montaña,70,False,,69.45,,76.69,66.12,66.36
2025-11-11,PROD_019,Merrell Moab 2 GTX,Outdoor,Zapatillas Trail,110,False,,109.94,,107.05,100.44,110.22
2025-11-11,PROD_020,Quechua MH500,Outdoor,Ropa Montaña,80,False,,80.81,,81.5,74.6,82.96
2025-11-11,PROD_021,Manduka PRO Yoga Mat,Wellness,Esterilla Yoga,130,True,,130.0,,128.03,119.23,125.68
2025-11-11,PROD_022,Gaiam Premium Yoga Block,Wellness,Bloque Yoga,20,False,,19.97,,18.41,17.73,19.9
2025-11-11,PROD_023,Liforme Yoga Pad,Wellness,Rodillera Yoga,35,False,,34.82,,35.76,33.57,32.72
2025-11-11,PROD_024,Lotuscrafts Yoga Bolster,Wellness,Cojín Yoga,50,False,,50.5,,49.38,46.91,48.98
2025-11-12,PROD_001,Nike Air Zoom Pegasus 40,Running,Zapatillas Running,115,True,,115.0,,95.91,109.73,97.08
2025-11-12,PROD_002,Adidas Ultraboost 23,Running,Zapatillas Running,135,True,,135.0,,115.83,103.14,121.07
2025-11-12,PROD_003,Asics Gel Nimbus 25,Running,Zapatillas Running,85,False,,83.39,,88.63,73.66,87.9
2025-11-12,PROD_004,New Balance Fresh Foam X 1080v12,Running,Zapatillas Running,75,False,,73.78,,72.54,68.58,80.51
2025-11-12,PROD_005,Nike Dri-FIT Miler,Running,Ropa Running,35,False,,35.66,,33.31,34.57,35.41
2025-11-12,PROD_006,Adidas Own The Run Jacket,Running,Ropa Running,65,False,,65.95,,62.74,60.8,65.62
2025-11-12,PROD_007,Puma Velocity Nitro 2,Running,Zapatillas Running,70,False,,70.18,,68.05,66.84,62.87
2025-11-12,PROD_008,Reebok Floatride Energy 5,Running,Zapatillas Running,65,False,,65.3,,64.91,61.47,63.74
2025-11-12,PROD_009,Bowflex SelectTech 552,Fitness,Mancuernas Ajustables,400,True,,400.0,,371.63,349.05,374.41
2025-11-12,PROD_010,Domyos BM900,Fitness,Banco Gimnasio,175,True,,175.0,,199.97,162.54,165.6
2025-11-12,PROD_011,Reebok Professional Deck,Fitness,Esterilla Fitness,45,False,,44.34,,47.86,42.99,45.77
2025-11-12,PROD_012,Domyos Kit Mancuernas 20kg,Fitness,Pesas Casa,55,False,,55.37,,57.89,48.62,56.27
2025-11-12,PROD_013,Decathlon Bandas Elásticas Set,Fitness,Bandas Elásticas,25,False,,25.03,,25.99,21.84,23.77
2025-11-12,PROD_014,Sveltus Kettlebell 12kg,Fitness,Pesa Rusa,40,False,,39.5,,42.56,37.46,41.2
2025-11-12,PROD_015,Salomon Speedcross 5 GTX,Outdoor,Zapatillas Trail,150,True,,150.0,,136.15,154.21,129.09
2025-11-12,PROD_016,Trek Marlin 7,Outdoor,Bicicleta Montaña,830,True,,830.0,,849.3,790.75,791.44
2025-11-12,PROD_017,The North Face Borealis,Outdoor,Mochila Trekking,95,False,,96.74,,100.47,83.98,91.23
2025-11-12,PROD_018,Columbia Silver Ridge,Outdoor,Ropa Montaña,70,False,,71.23,,71.02,65.0,71.39
2025-11-12,PROD_019,Merrell Moab 2 GTX,Outdoor,Zapatillas Trail,110,False,,109.31,,104.35,103.0,115.12
2025-11-12,PROD_020,Quechua MH500,Outdoor,Ropa Montaña,80,False,,80.85,,81.16,75.43,79.55
2025-11-12,PROD_021,Manduka PRO Yoga Mat,Wellness,Esterilla Yoga,130,True,,130.0,,121.76,122.11,123.83
2025-11-12,PROD_022,Gaiam Premium Yoga Block,Wellness,Bloque Yoga,20,False,,20.2,,18.37,17.81,19.94
2025-11-12,PROD_023,Liforme Yoga Pad,Wellness,Rodillera Yoga,35,False,,35.23,,35.09,31.17,33.88
2025-11-12,PROD_024,Lotuscrafts Yoga Bolster,Wellness,Cojín Yoga,50,False,,50.45,,45.42,45.63,49.66
2025-11-13,PROD_001,Nike Air Zoom Pegasus 40,Running,Zapatillas Running,115,True,,115.0,,92.67,105.39,98.33
2025-11-13,PROD_002,Adidas Ultraboost 23,Running,Zapatillas Running,135,True,,135.0,,119.51,114.47,121.54
2025-11-13,PROD_003,Asics Gel Nimbus 25,Running,Zapatillas Running,85,False,,85.03,,83.91,78.56,89.31
2025-11-13,PROD_004,New Balance Fresh Foam X 1080v12,Running,Zapatillas Running,75,False,,74.36,,66.99,67.34,74.61
2025-11-13,PROD_005,Nike Dri-FIT Miler,Running,Ropa Running,35,False,,35.27,,38.83,31.16,36.01
2025-11-13,PROD_006,Adidas Own The Run Jacket,Running,Ropa Running,65,False,,66.12,,61.43,63.32,68.35
2025-11-13,PROD_007,Puma Velocity Nitro 2,Running,Zapatillas Running,70,False,,69.83,,74.49,59.25,68.75
2025-11-13,PROD_008,Reebok Floatride Energy 5,Running,Zapatillas Running,65,False,,64.95,,69.64,61.17,65.75
2025-11-13,PROD_009,Bowflex SelectTech 552,Fitness,Mancuernas Ajustables,400,True,,400.0,,397.06,327.61,365.89
2025-11-13,PROD_010,Domyos BM900,Fitness,Banco Gimnasio,175,True,,175.0,,184.3,159.19,176.43
2025-11-13,PROD_011,Reebok Professional Deck,Fitness,Esterilla Fitness,45,False,,44.97,,43.56,43.79,44.87
2025-11-13,PROD_012,Domyos Kit Mancuernas 20kg,Fitness,Pesas Casa,55,False,,56.03,,51.75,50.82,53.64
2025-11-13,PROD_013,Decathlon Bandas Elásticas Set,Fitness,Bandas Elásticas,25,False,,25.17,,27.15,23.08,24.28
2025-11-13,PROD_014,Sveltus Kettlebell 12kg,Fitness,Pesa Rusa,40,False,,40.2,,38.54,35.04,39.05
2025-11-13,PROD_015,Salomon Speedcross 5 GTX,Outdoor,Zapatillas Trail,150,True,,150.0,,134.59,138.71,146.62
2025-11-13,PROD_016,Trek Marlin 7,Outdoor,Bicicleta Montaña,830,True,,830.0,,792.06,721.95,875.28
2025-11-13,PROD_017,The North Face Borealis,Outdoor,Mochila Trekking,95,False,,94.04,,93.26,87.86,97.69
2025-11-13,PROD_018,Columbia Silver Ridge,Outdoor,Ropa Montaña,70,False,,69.33,,73.73,64.55,71.43
2025-11-13,PROD_019,Merrell Moab 2 GTX,Outdoor,Zapatillas Trail,110,False,,111.52,,106.5,106.09,104.34
2025-11-13,PROD_020,Quechua MH500,Outdoor,Ropa Montaña,80,False,,78.65,,75.89,69.38,75.01
2025-11-13,PROD_021,Manduka PRO Yoga Mat,Wellness,Esterilla Yoga,130,True,,130.0,,133.89,121.06,124.96
2025-11-13,PROD_022,Gaiam Premium Yoga Block,Wellness,Bloque Yoga,20,False,,20.37,,19.99,18.38,19.02
2025-11-13,PROD_023,Liforme Yoga Pad,Wellness,Rodillera Yoga,35,False,,35.39,,35.86,32.62,35.1
2025-11-13,PROD_024,Lotuscrafts Yoga Bolster,Wellness,Cojín Yoga,50,False,,50.23,,46.26,46.7,48.85
2025-11-14,PROD_001,Nike Air Zoom Pegasus 40,Running,Zapatillas Running,115,True,,115.0,,95.91,123.88,100.14
2025-11-14,PROD_002,Adidas Ultraboost 23,Running,Zapatillas Running,135,True,,135.0,,125.38,117.78,132.83
2025-11-14,PROD_003,Asics Gel Nimbus 25,Running,Zapatillas Running,85,False,,84.08,,82.56,76.99,83.17
2025-11-14,PROD_004,New Balance Fresh Foam X 1080v12,Running,Zapatillas Running,75,False,,73.61,,72.6,71.08,74.57
2025-11-14,PROD_005,Nike Dri-FIT Miler,Running,Ropa Running,35,False,,34.36,,35.12,31.9,36.15
2025-11-14,PROD_006,Adidas Own The Run Jacket,Running,Ropa Running,65,False,,64.43,,62.46,60.44,62.53
2025-11-14,PROD_007,Puma Velocity Nitro 2,Running,Zapatillas Running,70,False,,71.01,,68.67,63.47,70.96
2025-11-14,PROD_008,Reebok Floatride Energy 5,Running,Zapatillas Running,65,False,,66.26,,63.03,62.27,68.82
2025-11-14,PROD_009,Bowflex SelectTech 552,Fitness,Mancuernas Ajustables,400,True,,400.0,,367.85,358.47,387.03
2025-11-14,PROD_010,Domyos BM900,Fitness,Banco Gimnasio,175,True,,175.0,,167.53,146.11,153.65
2025-11-14,PROD_011,Reebok Professional Deck,Fitness,Esterilla Fitness,45,False,,44.22,,41.93,38.86,45.89
2025-11-14,PROD_012,Domyos Kit Mancuernas 20kg,Fitness,Pesas Casa,55,False,,54.88,,54.2,50.72,56.81
2025-11-14,PROD_013,Decathlon Bandas Elásticas Set,Fitness,Bandas Elásticas,25,False,,25.06,,24.77,21.99,25.57
2025-11-14,PROD_014,Sveltus Kettlebell 12kg,Fitness,Pesa Rusa,40,False,,39.39,,42.85,37.26,40.42
2025-11-14,PROD_015,Salomon Speedcross 5 GTX,Outdoor,Zapatillas Trail,150,True,,150.0,,140.49,155.94,148.14
2025-11-14,PROD_016,Trek Marlin 7,Outdoor,Bicicleta Montaña,830,True,,830.0,,782.2,806.79,753.64
2025-11-14,PROD_017,The North Face Borealis,Outdoor,Mochila Trekking,95,False,,94.81,,90.39,85.28,94.37
2025-11-14,PROD_018,Columbia Silver Ridge,Outdoor,Ropa Montaña,70,False,,70.17,,69.29,61.97,72.6
2025-11-14,PROD_019,Merrell Moab 2 GTX,Outdoor,Zapatillas Trail,110,False,,109.15,,115.33,99.23,115.75
2025-11-14,PROD_020,Quechua MH500,Outdoor,Ropa Montaña,80,False,,78.61,,76.27,72.36,74.28
2025-11-14,PROD_021,Manduka PRO Yoga Mat,Wellness,Esterilla Yoga,130,True,,130.0,,121.83,113.68,126.94
2025-11-14,PROD_022,Gaiam Premium Yoga Block,Wellness,Bloque Yoga,20,False,,19.76,,19.37,18.45,19.22
2025-11-14,PROD_023,Liforme Yoga Pad,Wellness,Rodillera Yoga,35,False,,34.36,,36.09,30.43,36.33
2025-11-14,PROD_024,Lotuscrafts Yoga Bolster,Wellness,Cojín Yoga,50,False,,49.4,,50.44,46.17,50.94
2025-11-15,PROD_001,Nike Air Zoom Pegasus 40,Running,Zapatillas Running,115,True,,115.0,,87.26,103.16,100.97
2025-11-15,PROD_002,Adidas Ultraboost 23,Running,Zapatillas Running,135,True,,135.0,,111.55,117.92,126.61
2025-11-15,PROD_003,Asics Gel Nimbus 25,Running,Zapatillas Running,85,False,,83.85,,89.06,78.48,82.83
2025-11-15,PROD_004,New Balance Fresh Foam X 1080v12,Running,Zapatillas Running,75,False,,75.81,,70.16,69.74,71.05
2025-11-15,PROD_005,Nike Dri-FIT Miler,Running,Ropa Running,35,False,,35.17,,33.19,31.35,32.11
2025-11-15,PROD_006,Adidas Own The Run Jacket,Running,Ropa Running,65,False,,65.02,,58.72,58.42,63.65
2025-11-15,PROD_007,Puma Velocity Nitro 2,Running,Zapatillas Running,70,False,,69.36,,66.01,67.63,72.0
2025-11-15,PROD_008,Reebok Floatride Energy 5,Running,Zapatillas Running,65,False,,64.32,,62.76,58.66,63.04
2025-11-15,PROD_009,Bowflex SelectTech 552,Fitness,Mancuernas Ajustables,400,True,,400.0,,368.31,337.36,349.76
2025-11-15,PROD_010,Domyos BM900,Fitness,Banco Gimnasio,175,True,,175.0,,182.67,162.58,162.17
2025-11-15,PROD_011,Reebok Professional Deck,Fitness,Esterilla Fitness,45,False,,45.54,,44.05,38.43,44.17
2025-11-15,PROD_012,Domyos Kit Mancuernas 20kg,Fitness,Pesas Casa,55,False,,55.98,,56.15,50.31,59.17
2025-11-15,PROD_013,Decathlon Bandas Elásticas Set,Fitness,Bandas Elásticas,25,False,,25.04,,24.69,22.05,24.25
2025-11-15,PROD_014,Sveltus Kettlebell 12kg,Fitness,Pesa Rusa,40,False,,39.27,,44.58,38.36,42.35
2025-11-15,PROD_015,Salomon Speedcross 5 GTX,Outdoor,Zapatillas Trail,150,True,,150.0,,145.83,146.39,132.65
2025-11-15,PROD_016,Trek Marlin 7,Outdoor,Bicicleta Montaña,830,True,,830.0,,775.28,711.71,787.93
2025-11-15,PROD_017,The North Face Borealis,Outdoor,Mochila Trekking,95,False,,93.34,,82.35,89.34,97.05
2025-11-15,PROD_018,Columbia Silver Ridge,Outdoor,Ropa Montaña,70,False,,70.13,,69.34,64.51,69.59
2025-11-15,PROD_019,Merrell Moab 2 GTX,Outdoor,Zapatillas Trail,110,False,,111.31,,111.77,101.0,108.94
2025-11-15,PROD_020,Quechua MH500,Outdoor,Ropa Montaña,80,False,,78.65,,80.57,76.29,79.63
2025-11-15,PROD_021,Manduka PRO Yoga Mat,Wellness,Esterilla Yoga,130,True,,130.0,,125.18,125.76,124.76
2025-11-15,PROD_022,Gaiam Premium Yoga Block,Wellness,Bloque Yoga,20,False,,20.23,,18.89,18.39,20.35
2025-11-15,PROD_023,Liforme Yoga Pad,Wellness,Rodillera Yoga,35,False,,35.36,,33.18,32.06,33.72
2025-11-15,PROD_024,Lotuscrafts Yoga Bolster,Wellness,Cojín Yoga,50,False,,49.03,,47.63,44.51,48.05
2025-11-16,PROD_001,Nike Air Zoom Pegasus 40,Running,Zapatillas Running,115,True,,115.0,,84.42,115.38,100.85
2025-11-16,PROD_002,Adidas Ultraboost 23,Running,Zapatillas Running,135,True,,135.0,,118.13,117.61,129.04
2025-11-16,PROD_003,Asics Gel Nimbus 25,Running,Zapatillas Running,85,False,,86.33,,87.23,81.35,85.11
2025-11-16,PROD_004,New Balance Fresh Foam X 1080v12,Running,Zapatillas Running,75,False,,73.76,,74.68,66.75,80.06
2025-11-16,PROD_005,Nike Dri-FIT Miler,Running,Ropa Running,35,False,,35.12,,33.78,29.88,35.35
2025-11-16,PROD_006,Adidas Own The Run Jacket,Running,Ropa Running,65,False,,65.29,,66.73,56.06,64.24
2025-11-16,PROD_007,Puma Velocity Nitro 2,Running,Zapatillas Running,70,False,,68.68,,74.58,62.25,67.77
2025-11-16,PROD_008,Reebok Floatride Energy 5,Running,Zapatillas Running,65,False,,64.45,,61.04,57.7,64.91
2025-11-16,PROD_009,Bowflex SelectTech 552,Fitness,Mancuernas Ajustables,400,True,,400.0,,375.84,336.27,363.56
2025-11-16,PROD_010,Domyos BM900,Fitness,Banco Gimnasio,175,True,,175.0,,165.38,143.56,181.93
2025-11-16,PROD_011,Reebok Professional Deck,Fitness,Esterilla Fitness,45,False,,45.18,,39.8,42.66,43.09
2025-11-16,PROD_012,Domyos Kit Mancuernas 20kg,Fitness,Pesas Casa,55,False,,55.26,,55.31,52.11,57.3
2025-11-16,PROD_013,Decathlon Bandas Elásticas Set,Fitness,Bandas Elásticas,25,False,,25.16,,26.55,22.34,23.6
2025-11-16,PROD_014,Sveltus Kettlebell 12kg,Fitness,Pesa Rusa,40,False,,40.4,,41.22,37.89,39.25
2025-11-16,PROD_015,Salomon Speedcross 5 GTX,Outdoor,Zapatillas Trail,150,True,,150.0,,153.7,148.54,141.89
2025-11-16,PROD_016,Trek Marlin 7,Outdoor,Bicicleta Montaña,830,True,,830.0,,791.25,820.04,857.37
2025-11-16,PROD_017,The North Face Borealis,Outdoor,Mochila Trekking,95,False,,93.18,,92.98,87.51,94.73
2025-11-16,PROD_018,Columbia Silver Ridge,Outdoor,Ropa Montaña,70,False,,68.91,,67.86,63.8,70.61
2025-11-16,PROD_019,Merrell Moab 2 GTX,Outdoor,Zapatillas Trail,110,False,,109.2,,114.71,93.96,114.61
2025-11-16,PROD_020,Quechua MH500,Outdoor,Ropa Montaña,80,False,,80.66,,72.79,71.34,77.45
2025-11-16,PROD_021,Manduka PRO Yoga Mat,Wellness,Esterilla Yoga,130,True,,130.0,,132.27,108.3,114.52
2025-11-16,PROD_022,Gaiam Premium Yoga Block,Wellness,Bloque Yoga,20,False,,19.91,,21.08,17.52,20.62
2025-11-16,PROD_023,Liforme Yoga Pad,Wellness,Rodillera Yoga,35,False,,35.01,,36.01,31.83,35.66
2025-11-16,PROD_024,Lotuscrafts Yoga Bolster,Wellness,Cojín Yoga,50,False,,49.13,,47.5,48.31,49.25
2025-11-17,PROD_001,Nike Air Zoom Pegasus 40,Running,Zapatillas Running,115,True,,115.0,,88.27,110.02,94.07
2025-11-17,PROD_002,Adidas Ultraboost 23,Running,Zapatillas Running,135,True,,135.0,,115.55,108.22,134.81
2025-11-17,PROD_003,Asics Gel Nimbus 25,Running,Zapatillas Running,85,False,,86.35,,81.73,76.67,83.28
2025-11-17,PROD_004,New Balance Fresh Foam X 1080v12,Running,Zapatillas Running,75,False,,75.68,,77.04,68.41,75.57
2025-11-17,PROD_005,Nike Dri-FIT Miler,Running,Ropa Running,35,False,,35.44,,33.08,32.57,33.16
2025-11-17,PROD_006,Adidas Own The Run Jacket,Running,Ropa Running,65,False,,65.08,,60.67,59.03,63.4
2025-11-17,PROD_007,Puma Velocity Nitro 2,Running,Zapatillas Running,70,False,,70.48,,68.12,64.87,66.52
2025-11-17,PROD_008,Reebok Floatride Energy 5,Running,Zapatillas Running,65,False,,64.7,,65.45,57.08,66.65
2025-11-17,PROD_009,Bowflex SelectTech 552,Fitness,Mancuernas Ajustables,400,True,,400.0,,401.82,346.26,394.45
2025-11-17,PROD_010,Domyos BM900,Fitness,Banco Gimnasio,175,True,,175.0,,183.92,148.59,183.24
2025-11-17,PROD_011,Reebok Professional Deck,Fitness,Esterilla Fitness,45,False,,45.65,,42.93,41.1,44.93
2025-11-17,PROD_012,Domyos Kit Mancuernas 20kg,Fitness,Pesas Casa,55,False,,54.37,,58.11,48.54,58.39
2025-11-17,PROD_013,Decathlon Bandas Elásticas Set,Fitness,Bandas Elásticas,25,False,,24.65,,26.51,22.87,27.2
2025-11-17,PROD_014,Sveltus Kettlebell 12kg,Fitness,Pesa Rusa,40,False,,40.68,,38.37,35.85,37.93
2025-11-17,PROD_015,Salomon Speedcross 5 GTX,Outdoor,Zapatillas Trail,150,True,,150.0,,146.07,142.52,136.72
2025-11-17,PROD_016,Trek Marlin 7,Outdoor,Bicicleta Montaña,830,True,,830.0,,745.94,699.31,849.35
2025-11-17,PROD_017,The North Face Borealis,Outdoor,Mochila Trekking,95,False,,95.23,,86.63,85.27,97.26
2025-11-17,PROD_018,Columbia Silver Ridge,Outdoor,Ropa Montaña,70,False,,69.38,,70.45,63.09,71.68
2025-11-17,PROD_019,Merrell Moab 2 GTX,Outdoor,Zapatillas Trail,110,False,,110.44,,115.96,103.91,104.78
2025-11-17,PROD_020,Quechua MH500,Outdoor,Ropa Montaña,80,False,,80.97,,75.64,72.7,81.6
2025-11-17,PROD_021,Manduka PRO Yoga Mat,Wellness,Esterilla Yoga,130,True,,130.0,,145.78,105.65,128.05
2025-11-17,PROD_022,Gaiam Premium Yoga Block,Wellness,Bloque Yoga,20,False,,19.88,,19.74,18.53,20.72
2025-11-17,PROD_023,Liforme Yoga Pad,Wellness,Rodillera Yoga,35,False,,35.3,,36.51,32.89,34.87
2025-11-17,PROD_024,Lotuscrafts Yoga Bolster,Wellness,Cojín Yoga,50,False,,50.21,,48.17,45.98,50.81
2025-11-18,PROD_001,Nike Air Zoom Pegasus 40,Running,Zapatillas Running,115,True,,115.0,,84.63,111.51,98.36
2025-11-18,PROD_002,Adidas Ultraboost 23,Running,Zapatillas Running,135,True,,135.0,,114.23,114.48,119.17
2025-11-18,PROD_003,Asics Gel Nimbus 25,Running,Zapatillas Running,85,False,,86.08,,78.27,70.25,85.66
2025-11-18,PROD_004,New Balance Fresh Foam X 1080v12,Running,Zapatillas Running,75,False,,74.47,,71.84,70.49,72.31
2025-11-18,PROD_005,Nike Dri-FIT Miler,Running,Ropa Running,35,False,,35.61,,38.22,31.94,34.51
2025-11-18,PROD_006,Adidas Own The Run Jacket,Running,Ropa Running,65,False,,64.05,,67.93,58.19,66.44
2025-11-18,PROD_007,Puma Velocity Nitro 2,Running,Zapatillas Running,70,False,,68.88,,72.58,65.58,67.23
2025-11-18,PROD_008,Reebok Floatride Energy 5,Running,Zapatillas Running,65,False,,66.17,,68.13,58.84,64.87
2025-11-18,PROD_009,Bowflex SelectTech 552,Fitness,Mancuernas Ajustables,400,True,,400.0,,390.58,345.52,364.19
2025-11-18,PROD_010,Domyos BM900,Fitness,Banco Gimnasio,175,True,,175.0,,175.12,150.78,176.8
2025-11-18,PROD_011,Reebok Professional Deck,Fitness,Esterilla Fitness,45,False,,45.21,,42.52,41.94,47.95
2025-11-18,PROD_012,Domyos Kit Mancuernas 20kg,Fitness,Pesas Casa,55,False,,55.33,,55.6,49.1,54.86
2025-11-18,PROD_013,Decathlon Bandas Elásticas Set,Fitness,Bandas Elásticas,25,False,,24.59,,25.38,22.35,25.31
2025-11-18,PROD_014,Sveltus Kettlebell 12kg,Fitness,Pesa Rusa,40,False,,39.89,,44.36,35.22,39.45
2025-11-18,PROD_015,Salomon Speedcross 5 GTX,Outdoor,Zapatillas Trail,150,True,,150.0,,145.81,142.97,138.67
2025-11-18,PROD_016,Trek Marlin 7,Outdoor,Bicicleta Montaña,830,True,,830.0,,808.06,689.08,833.46
2025-11-18,PROD_017,The North Face Borealis,Outdoor,Mochila Trekking,95,False,,93.85,,88.16,82.96,103.06
2025-11-18,PROD_018,Columbia Silver Ridge,Outdoor,Ropa Montaña,70,False,,71.15,,72.4,65.26,67.35
2025-11-18,PROD_019,Merrell Moab 2 GTX,Outdoor,Zapatillas Trail,110,False,,109.69,,107.83,96.88,107.66
2025-11-18,PROD_020,Quechua MH500,Outdoor,Ropa Montaña,80,False,,81.3,,78.53,68.57,81.42
2025-11-18,PROD_021,Manduka PRO Yoga Mat,Wellness,Esterilla Yoga,130,True,,130.0,,128.73,117.42,119.78
2025-11-18,PROD_022,Gaiam Premium Yoga Block,Wellness,Bloque Yoga,20,False,,20.17,,19.89,17.57,19.86
2025-11-18,PROD_023,Liforme Yoga Pad,Wellness,Rodillera Yoga,35,False,,35.27,,36.12,32.47,36.05
2025-11-18,PROD_024,Lotuscrafts Yoga Bolster,Wellness,Cojín Yoga,50,False,,50.87,,51.0,43.38,50.24
2025-11-19,PROD_001,Nike Air Zoom Pegasus 40,Running,Zapatillas Running,115,True,,115.0,,79.72,105.21,101.68
2025-11-19,PROD_002,Adidas Ultraboost 23,Running,Zapatillas Running,135,True,,135.0,,121.05,109.2,128.3
2025-11-19,PROD_003,Asics Gel Nimbus 25,Running,Zapatillas Running,85,False,,84.06,,83.35,75.36,84.02
2025-11-19,PROD_004,New Balance Fresh Foam X 1080v12,Running,Zapatillas Running,75,False,,73.58,,74.03,66.45,78.79
2025-11-19,PROD_005,Nike Dri-FIT Miler,Running,Ropa Running,35,False,,35.43,,31.54,33.54,34.73
2025-11-19,PROD_006,Adidas Own The Run Jacket,Running,Ropa Running,65,False,,65.68,,60.93,57.9,70.34
2025-11-19,PROD_007,Puma Velocity Nitro 2,Running,Zapatillas Running,70,False,,71.0,,68.71,66.33,66.88
2025-11-19,PROD_008,Reebok Floatride Energy 5,Running,Zapatillas Running,65,False,,65.29,,67.02,61.68,68.92
2025-11-19,PROD_009,Bowflex SelectTech 552,Fitness,Mancuernas Ajustables,400,True,,400.0,,355.03,345.24,347.09
2025-11-19,PROD_010,Domyos BM900,Fitness,Banco Gimnasio,175,True,,175.0,,177.41,155.59,163.22
2025-11-19,PROD_011,Reebok Professional Deck,Fitness,Esterilla Fitness,45,False,,44.12,,45.46,38.2,44.52
2025-11-19,PROD_012,Domyos Kit Mancuernas 20kg,Fitness,Pesas Casa,55,False,,55.82,,55.67,50.93,57.98
2025-11-19,PROD_013,Decathlon Bandas Elásticas Set,Fitness,Bandas Elásticas,25,False,,25.33,,25.82,23.5,24.2
2025-11-19,PROD_014,Sveltus Kettlebell 12kg,Fitness,Pesa Rusa,40,False,,40.62,,39.53,34.93,41.08
2025-11-19,PROD_015,Salomon Speedcross 5 GTX,Outdoor,Zapatillas Trail,150,True,,150.0,,139.7,158.15,134.11
2025-11-19,PROD_016,Trek Marlin 7,Outdoor,Bicicleta Montaña,830,True,,830.0,,811.28,708.34,832.9
2025-11-19,PROD_017,The North Face Borealis,Outdoor,Mochila Trekking,95,False,,96.79,,86.37,90.15,91.79
2025-11-19,PROD_018,Columbia Silver Ridge,Outdoor,Ropa Montaña,70,False,,70.92,,73.64,65.35,68.76
2025-11-19,PROD_019,Merrell Moab 2 GTX,Outdoor,Zapatillas Trail,110,False,,107.91,,117.53,104.81,107.08
2025-11-19,PROD_020,Quechua MH500,Outdoor,Ropa Montaña,80,False,,81.53,,74.36,69.35,83.02
2025-11-19,PROD_021,Manduka PRO Yoga Mat,Wellness,Esterilla Yoga,130,True,,130.0,,142.68,102.05,119.57
2025-11-19,PROD_022,Gaiam Premium Yoga Block,Wellness,Bloque Yoga,20,False,,20.37,,18.41,18.35,21.51
2025-11-19,PROD_023,Liforme Yoga Pad,Wellness,Rodillera Yoga,35,False,,34.57,,33.85,30.65,33.37
2025-11-19,PROD_024,Lotuscrafts Yoga Bolster,Wellness,Cojín Yoga,50,False,,50.23,,52.06,47.01,48.34
2025-11-20,PROD_001,Nike Air Zoom Pegasus 40,Running,Zapatillas Running,115,True,,115.0,,89.86,113.07,103.35
2025-11-20,PROD_002,Adidas Ultraboost 23,Running,Zapatillas Running,135,True,,135.0,,115.81,114.69,123.37
2025-11-20,PROD_003,Asics Gel Nimbus 25,Running,Zapatillas Running,85,False,,85.06,,86.74,74.97,89.07
2025-11-20,PROD_004,New Balance Fresh Foam X 1080v12,Running,Zapatillas Running,75,False,,74.02,,72.59,66.75,79.06
2025-11-20,PROD_005,Nike Dri-FIT Miler,Running,Ropa Running,35,False,,34.88,,37.1,31.9,34.8
2025-11-20,PROD_006,Adidas Own The Run Jacket,Running,Ropa Running,65,False,,64.77,,66.53,58.92,65.3
2025-11-20,PROD_007,Puma Velocity Nitro 2,Running,Zapatillas Running,70,False,,69.42,,72.23,60.14,74.1
2025-11-20,PROD_008,Reebok Floatride Energy 5,Running,Zapatillas Running,65,False,,65.03,,62.35,58.19,63.48
2025-11-20,PROD_009,Bowflex SelectTech 552,Fitness,Mancuernas Ajustables,400,True,,400.0,,407.09,350.88,374.34
2025-11-20,PROD_010,Domyos BM900,Fitness,Banco Gimnasio,175,True,,175.0,,179.55,151.47,166.82
2025-11-20,PROD_011,Reebok Professional Deck,Fitness,Esterilla Fitness,45,False,,44.16,,43.54,40.91,43.7
2025-11-20,PROD_012,Domyos Kit Mancuernas 20kg,Fitness,Pesas Casa,55,False,,55.52,,54.05,51.97,57.47
2025-11-20,PROD_013,Decathlon Bandas Elásticas Set,Fitness,Bandas Elásticas,25,False,,24.59,,23.01,22.82,25.64
2025-11-20,PROD_014,Sveltus Kettlebell 12kg,Fitness,Pesa Rusa,40,False,,40.51,,39.76,36.92,39.41
2025-11-20,PROD_015,Salomon Speedcross 5 GTX,Outdoor,Zapatillas Trail,150,True,,150.0,,145.07,147.23,139.96
2025-11-20,PROD_016,Trek Marlin 7,Outdoor,Bicicleta Montaña,830,True,,830.0,,855.73,779.75,797.38
2025-11-20,PROD_017,The North Face Borealis,Outdoor,Mochila Trekking,95,False,,96.33,,90.36,89.73,103.95
2025-11-20,PROD_018,Columbia Silver Ridge,Outdoor,Ropa Montaña,70,False,,68.92,,71.08,67.8,69.18
2025-11-20,PROD_019,Merrell Moab 2 GTX,Outdoor,Zapatillas Trail,110,False,,109.6,,108.97,103.86,104.38
2025-11-20,PROD_020,Quechua MH500,Outdoor,Ropa Montaña,80,False,,80.47,,66.76,73.45,84.71
2025-11-20,PROD_021,Manduka PRO Yoga Mat,Wellness,Esterilla Yoga,130,True,,130.0,,141.08,111.57,112.06
2025-11-20,PROD_022,Gaiam Premium Yoga Block,Wellness,Bloque Yoga,20,False,,19.66,,19.98,18.75,19.51
2025-11-20,PROD_023,Liforme Yoga Pad,Wellness,Rodillera Yoga,35,False,,35.67,,35.72,32.85,35.56
2025-11-20,PROD_024,Lotuscrafts Yoga Bolster,Wellness,Cojín Yoga,50,False,,49.74,,49.83,45.85,51.33
2025-11-21,PROD_001,Nike Air Zoom Pegasus 40,Running,Zapatillas Running,115,True,,115.0,,83.11,103.87,99.61
2025-11-21,PROD_002,Adidas Ultraboost 23,Running,Zapatillas Running,135,True,,135.0,,119.59,123.49,126.37
2025-11-21,PROD_003,Asics Gel Nimbus 25,Running,Zapatillas Running,85,False,,86.6,,76.21,77.5,84.74
2025-11-21,PROD_004,New Balance Fresh Foam X 1080v12,Running,Zapatillas Running,75,False,,75.48,,76.12,69.31,78.76
2025-11-21,PROD_005,Nike Dri-FIT Miler,Running,Ropa Running,35,False,,35.51,,34.78,32.07,34.29
2025-11-21,PROD_006,Adidas Own The Run Jacket,Running,Ropa Running,65,False,,66.14,,62.66,60.27,68.25
2025-11-21,PROD_007,Puma Velocity Nitro 2,Running,Zapatillas Running,70,False,,71.1,,68.13,66.09,67.83
2025-11-21,PROD_008,Reebok Floatride Energy 5,Running,Zapatillas Running,65,False,,65.73,,62.64,58.26,64.58
2025-11-21,PROD_009,Bowflex SelectTech 552,Fitness,Mancuernas Ajustables,400,True,,400.0,,381.57,361.0,333.2
2025-11-21,PROD_010,Domyos BM900,Fitness,Banco Gimnasio,175,True,,175.0,,185.33,161.16,158.03
2025-11-21,PROD_011,Reebok Professional Deck,Fitness,Esterilla Fitness,45,False,,44.34,,48.87,42.11,43.97
2025-11-21,PROD_012,Domyos Kit Mancuernas 20kg,Fitness,Pesas Casa,55,False,,55.68,,51.25,51.56,56.32
2025-11-21,PROD_013,Decathlon Bandas Elásticas Set,Fitness,Bandas Elásticas,25,False,,24.81,,23.32,21.08,25.33
2025-11-21,PROD_014,Sveltus Kettlebell 12kg,Fitness,Pesa Rusa,40,False,,40.55,,43.43,37.67,40.82
2025-11-21,PROD_015,Salomon Speedcross 5 GTX,Outdoor,Zapatillas Trail,150,True,,150.0,,150.24,153.04,135.2
2025-11-21,PROD_016,Trek Marlin 7,Outdoor,Bicicleta Montaña,830,True,,830.0,,803.53,820.04,818.46
2025-11-21,PROD_017,The North Face Borealis,Outdoor,Mochila Trekking,95,False,,93.54,,96.51,88.79,95.05
2025-11-21,PROD_018,Columbia Silver Ridge,Outdoor,Ropa Montaña,70,False,,68.63,,68.52,60.08,68.99
2025-11-21,PROD_019,Merrell Moab 2 GTX,Outdoor,Zapatillas Trail,110,False,,110.47,,103.19,98.13,109.41
2025-11-21,PROD_020,Quechua MH500,Outdoor,Ropa Montaña,80,False,,78.63,,84.95,70.57,81.83
2025-11-21,PROD_021,Manduka PRO Yoga Mat,Wellness,Esterilla Yoga,130,True,,130.0,,134.77,111.26,119.24
2025-11-21,PROD_022,Gaiam Premium Yoga Block,Wellness,Bloque Yoga,20,False,,19.97,,17.82,19.18,18.9
2025-11-21,PROD_023,Liforme Yoga Pad,Wellness,Rodillera Yoga,35,False,,35.63,,37.9,29.49,34.86
2025-11-21,PROD_024,Lotuscrafts Yoga Bolster,Wellness,Cojín Yoga,50,False,,50.08,,47.62,43.41,50.43
2025-11-22,PROD_001,Nike Air Zoom Pegasus 40,Running,Zapatillas Running,115,True,,115.0,,90.93,109.47,101.8
2025-11-22,PROD_002,Adidas Ultraboost 23,Running,Zapatillas Running,135,True,,135.0,,116.57,116.86,126.41
2025-11-22,PROD_003,Asics Gel Nimbus 25,Running,Zapatillas Running,85,False,,83.48,,96.07,78.89,83.71
2025-11-22,PROD_004,New Balance Fresh Foam X 1080v12,Running,Zapatillas Running,75,False,,75.34,,68.39,67.17,77.75
2025-11-22,PROD_005,Nike Dri-FIT Miler,Running,Ropa Running,35,False,,34.93,,35.94,30.49,35.57
2025-11-22,PROD_006,Adidas Own The Run Jacket,Running,Ropa Running,65,False,,65.89,,65.74,58.51,63.21
2025-11-22,PROD_007,Puma Velocity Nitro 2,Running,Zapatillas Running,70,False,,70.25,,64.94,65.45,66.04
2025-11-22,PROD_008,Reebok Floatride Energy 5,Running,Zapatillas Running,65,False,,66.22,,69.68,58.11,62.97
2025-11-22,PROD_009,Bowflex SelectTech 552,Fitness,Mancuernas Ajustables,400,True,,400.0,,404.69,337.42,363.65
2025-11-22,PROD_010,Domyos BM900,Fitness,Banco Gimnasio,175,True,,175.0,,174.49,151.8,173.62
2025-11-22,PROD_011,Reebok Professional Deck,Fitness,Esterilla Fitness,45,False,,44.4,,46.24,41.58,43.59
2025-11-22,PROD_012,Domyos Kit Mancuernas 20kg,Fitness,Pesas Casa,55,False,,54.86,,54.31,50.57,54.64
2025-11-22,PROD_013,Decathlon Bandas Elásticas Set,Fitness,Bandas Elásticas,25,False,,25.42,,28.28,22.95,24.96
2025-11-22,PROD_014,Sveltus Kettlebell 12kg,Fitness,Pesa Rusa,40,False,,40.25,,40.48,34.99,40.34
2025-11-22,PROD_015,Salomon Speedcross 5 GTX,Outdoor,Zapatillas Trail,150,True,,150.0,,147.57,143.4,143.87
2025-11-22,PROD_016,Trek Marlin 7,Outdoor,Bicicleta Montaña,830,True,,830.0,,831.13,763.42,888.8
2025-11-22,PROD_017,The North Face Borealis,Outdoor,Mochila Trekking,95,False,,95.17,,92.56,86.56,91.45
2025-11-22,PROD_018,Columbia Silver Ridge,Outdoor,Ropa Montaña,70,False,,70.28,,66.01,61.77,72.2
2025-11-22,PROD_019,Merrell Moab 2 GTX,Outdoor,Zapatillas Trail,110,False,,110.83,,111.72,99.97,104.54
2025-11-22,PROD_020,Quechua MH500,Outdoor,Ropa Montaña,80,False,,80.68,,81.69,74.17,82.62
2025-11-22,PROD_021,Manduka PRO Yoga Mat,Wellness,Esterilla Yoga,130,True,,130.0,,127.99,106.57,113.44
2025-11-22,PROD_022,Gaiam Premium Yoga Block,Wellness,Bloque Yoga,20,False,,19.64,,19.71,18.51,20.26
2025-11-22,PROD_023,Liforme Yoga Pad,Wellness,Rodillera Yoga,35,False,,34.53,,36.17,32.92,34.58
2025-11-22,PROD_024,Lotuscrafts Yoga Bolster,Wellness,Cojín Yoga,50,False,,50.57,,51.67,49.0,48.37
2025-11-23,PROD_001,Nike Air Zoom Pegasus 40,Running,Zapatillas Running,115,True,,115.0,,93.77,117.81,101.14
2025-11-23,PROD_002,Adidas Ultraboost 23,Running,Zapatillas Running,135,True,,135.0,,121.18,107.98,136.76
2025-11-23,PROD_003,Asics Gel Nimbus 25,Running,Zapatillas Running,85,False,,84.11,,84.75,74.35,88.23
2025-11-23,PROD_004,New Balance Fresh Foam X 1080v12,Running,Zapatillas Running,75,False,,73.54,,71.65,67.78,79.34
2025-11-23,PROD_005,Nike Dri-FIT Miler,Running,Ropa Running,35,False,,35.24,,31.88,33.45,35.31
2025-11-23,PROD_006,Adidas Own The Run Jacket,Running,Ropa Running,65,False,,64.13,,63.22,60.38,66.92
2025-11-23,PROD_007,Puma Velocity Nitro 2,Running,Zapatillas Running,70,False,,69.75,,62.52,67.51,70.16
2025-11-23,PROD_008,Reebok Floatride Energy 5,Running,Zapatillas Running,65,False,,65.82,,66.3,57.83,63.28
2025-11-23,PROD_009,Bowflex SelectTech 552,Fitness,Mancuernas Ajustables,400,True,,400.0,,387.98,348.33,381.17
2025-11-23,PROD_010,Domyos BM900,Fitness,Banco Gimnasio,175,True,,175.0,,187.52,156.95,163.81
2025-11-23,PROD_011,Reebok Professional Deck,Fitness,Esterilla Fitness,45,False,,45.37,,45.14,40.23,46.12
2025-11-23,PROD_012,Domyos Kit Mancuernas 20kg,Fitness,Pesas Casa,55,False,,54.61,,54.78,48.23,51.58
2025-11-23,PROD_013,Decathlon Bandas Elásticas Set,Fitness,Bandas Elásticas,25,False,,25.35,,24.96,22.68,25.84
2025-11-23,PROD_014,Sveltus Kettlebell 12kg,Fitness,Pesa Rusa,40,False,,40.51,,38.76,36.61,37.63
2025-11-23,PROD_015,Salomon Speedcross 5 GTX,Outdoor,Zapatillas Trail,150,True,,150.0,,145.6,164.85,147.08
2025-11-23,PROD_016,Trek Marlin 7,Outdoor,Bicicleta Montaña,830,True,,830.0,,840.2,730.41,769.84
2025-11-23,PROD_017,The North Face Borealis,Outdoor,Mochila Trekking,95,False,,94.94,,96.55,89.4,85.96
2025-11-23,PROD_018,Columbia Silver Ridge,Outdoor,Ropa Montaña,70,False,,71.1,,75.87,65.51,68.08
2025-11-23,PROD_019,Merrell Moab 2 GTX,Outdoor,Zapatillas Trail,110,False,,107.92,,113.22,100.15,107.63
2025-11-23,PROD_020,Quechua MH500,Outdoor,Ropa Montaña,80,False,,78.86,,91.45,71.39,82.14
2025-11-23,PROD_021,Manduka PRO Yoga Mat,Wellness,Esterilla Yoga,130,True,,130.0,,132.29,114.34,131.37
2025-11-23,PROD_022,Gaiam Premium Yoga Block,Wellness,Bloque Yoga,20,False,,19.79,,18.42,18.52,21.51
2025-11-23,PROD_023,Liforme Yoga Pad,Wellness,Rodillera Yoga,35,False,,35.47,,34.81,31.96,35.55
2025-11-23,PROD_024,Lotuscrafts Yoga Bolster,Wellness,Cojín Yoga,50,False,,49.5,,48.1,48.33,53.72
2025-11-24,PROD_001,Nike Air Zoom Pegasus 40,Running,Zapatillas Running,115,True,,115.0,,80.2,122.64,100.61
2025-11-24,PROD_002,Adidas Ultraboost 23,Running,Zapatillas Running,135,True,,135.0,,116.88,108.61,114.06
2025-11-24,PROD_003,Asics Gel Nimbus 25,Running,Zapatillas Running,85,False,,84.11,,88.32,75.36,89.01
2025-11-24,PROD_004,New Balance Fresh Foam X 1080v12,Running,Zapatillas Running,75,False,,73.79,,61.48,65.83,73.73
2025-11-24,PROD_005,Nike Dri-FIT Miler,Running,Ropa Running,35,False,,35.03,,33.36,32.15,36.9
2025-11-24,PROD_006,Adidas Own The Run Jacket,Running,Ropa Running,65,False,,65.06,,67.49,58.68,67.33
2025-11-24,PROD_007,Puma Velocity Nitro 2,Running,Zapatillas Running,70,False,,70.74,,69.66,65.92,69.54
2025-11-24,PROD_008,Reebok Floatride Energy 5,Running,Zapatillas Running,65,False,,65.1,,70.13,62.97,63.5
2025-11-24,PROD_009,Bowflex SelectTech 552,Fitness,Mancuernas Ajustables,400,True,,400.0,,400.75,347.69,345.7
2025-11-24,PROD_010,Domyos BM900,Fitness,Banco Gimnasio,175,True,,175.0,,171.67,152.64,184.47
2025-11-24,PROD_011,Reebok Professional Deck,Fitness,Esterilla Fitness,45,False,,45.39,,45.85,40.33,46.78
2025-11-24,PROD_012,Domyos Kit Mancuernas 20kg,Fitness,Pesas Casa,55,False,,55.43,,51.92,46.77,53.67
2025-11-24,PROD_013,Decathlon Bandas Elásticas Set,Fitness,Bandas Elásticas,25,False,,25.37,,24.44,23.2,25.54
2025-11-24,PROD_014,Sveltus Kettlebell 12kg,Fitness,Pesa Rusa,40,False,,40.55,,40.74,38.67,40.12
2025-11-24,PROD_015,Salomon Speedcross 5 GTX,Outdoor,Zapatillas Trail,150,True,,150.0,,140.56,138.95,136.34
2025-11-24,PROD_016,Trek Marlin 7,Outdoor,Bicicleta Montaña,830,True,,830.0,,768.96,677.28,808.66
2025-11-24,PROD_017,The North Face Borealis,Outdoor,Mochila Trekking,95,False,,95.57,,89.37,84.75,94.68
2025-11-24,PROD_018,Columbia Silver Ridge,Outdoor,Ropa Montaña,70,False,,68.7,,70.02,66.4,67.37
2025-11-24,PROD_019,Merrell Moab 2 GTX,Outdoor,Zapatillas Trail,110,False,,107.94,,109.53,96.44,107.95
2025-11-24,PROD_020,Quechua MH500,Outdoor,Ropa Montaña,80,False,,79.99,,76.69,72.13,78.14
2025-11-24,PROD_021,Manduka PRO Yoga Mat,Wellness,Esterilla Yoga,130,True,,130.0,,131.59,118.17,136.08
2025-11-24,PROD_022,Gaiam Premium Yoga Block,Wellness,Bloque Yoga,20,False,,19.66,,18.64,18.34,20.01
2025-11-24,PROD_023,Liforme Yoga Pad,Wellness,Rodillera Yoga,35,False,,34.63,,36.51,32.63,35.61
2025-11-24,PROD_024,Lotuscrafts Yoga Bolster,Wellness,Cojín Yoga,50,False,,50.87,,47.67,44.84,46.37
2025-11-25,PROD_001,Nike Air Zoom Pegasus 40,Running,Zapatillas Running,115,True,,115.0,,92.19,112.71,95.7
2025-11-25,PROD_002,Adidas Ultraboost 23,Running,Zapatillas Running,135,True,,135.0,,131.62,114.54,124.42
2025-11-25,PROD_003,Asics Gel Nimbus 25,Running,Zapatillas Running,85,False,,85.45,,87.57,83.61,81.35
2025-11-25,PROD_004,New Balance Fresh Foam X 1080v12,Running,Zapatillas Running,75,False,,74.7,,69.48,72.21,77.9
2025-11-25,PROD_005,Nike Dri-FIT Miler,Running,Ropa Running,35,False,,35.49,,38.65,33.99,34.55
2025-11-25,PROD_006,Adidas Own The Run Jacket,Running,Ropa Running,65,False,,64.84,,63.3,57.99,58.95
2025-11-25,PROD_007,Puma Velocity Nitro 2,Running,Zapatillas Running,70,False,,70.84,,68.7,63.67,70.4
2025-11-25,PROD_008,Reebok Floatride Energy 5,Running,Zapatillas Running,65,False,,66.01,,63.24,60.4,67.62
2025-11-25,PROD_009,Bowflex SelectTech 552,Fitness,Mancuernas Ajustables,400,True,,400.0,,385.16,349.89,365.86
2025-11-25,PROD_010,Domyos BM900,Fitness,Banco Gimnasio,175,True,,175.0,,178.11,151.01,170.17
2025-11-25,PROD_011,Reebok Professional Deck,Fitness,Esterilla Fitness,45,False,,45.57,,47.84,41.46,48.44
2025-11-25,PROD_012,Domyos Kit Mancuernas 20kg,Fitness,Pesas Casa,55,False,,54.4,,50.98,50.64,53.54
2025-11-25,PROD_013,Decathlon Bandas Elásticas Set,Fitness,Bandas Elásticas,25,False,,24.8,,24.6,22.17,25.48
2025-11-25,PROD_014,Sveltus Kettlebell 12kg,Fitness,Pesa Rusa,40,False,,39.68,,45.49,38.8,40.66
2025-11-25,PROD_015,Salomon Speedcross 5 GTX,Outdoor,Zapatillas Trail,150,True,,150.0,,138.6,145.0,138.72
2025-11-25,PROD_016,Trek Marlin 7,Outdoor,Bicicleta Montaña,830,True,,830.0,,769.63,802.34,727.91
2025-11-25,PROD_017,The North Face Borealis,Outdoor,Mochila Trekking,95,False,,95.05,,93.47,90.76,92.11
2025-11-25,PROD_018,Columbia Silver Ridge,Outdoor,Ropa Montaña,70,False,,68.86,,70.62,64.54,71.4
2025-11-25,PROD_019,Merrell Moab 2 GTX,Outdoor,Zapatillas Trail,110,False,,107.9,,108.69,105.5,111.96
2025-11-25,PROD_020,Quechua MH500,Outdoor,Ropa Montaña,80,False,,80.8,,80.31,71.64,79.67
2025-11-25,PROD_021,Manduka PRO Yoga Mat,Wellness,Esterilla Yoga,130,True,,130.0,,140.36,121.46,112.06
2025-11-25,PROD_022,Gaiam Premium Yoga Block,Wellness,Bloque Yoga,20,False,,19.75,,20.38,18.25,19.49
2025-11-25,PROD_023,Liforme Yoga Pad,Wellness,Rodillera Yoga,35,False,,34.37,,35.03,33.95,35.01
2025-11-25,PROD_024,Lotuscrafts Yoga Bolster,Wellness,Cojín Yoga,50,False,,49.04,,49.8,42.56,49.81
2025-11-26,PROD_001,Nike Air Zoom Pegasus 40,Running,Zapatillas Running,115,True,,115.0,,85.94,112.14,94.15
2025-11-26,PROD_002,Adidas Ultraboost 23,Running,Zapatillas Running,135,True,,135.0,,114.75,108.06,135.22
2025-11-26,PROD_003,Asics Gel Nimbus 25,Running,Zapatillas Running,85,False,,83.44,,82.34,82.28,87.36
2025-11-26,PROD_004,New Balance Fresh Foam X 1080v12,Running,Zapatillas Running,75,False,,73.64,,80.28,64.8,77.47
2025-11-26,PROD_005,Nike Dri-FIT Miler,Running,Ropa Running,35,False,,34.49,,36.6,33.69,36.02
2025-11-26,PROD_006,Adidas Own The Run Jacket,Running,Ropa Running,65,False,,64.48,,64.7,62.61,65.19
2025-11-26,PROD_007,Puma Velocity Nitro 2,Running,Zapatillas Running,70,False,,70.37,,63.86,62.43,68.56
2025-11-26,PROD_008,Reebok Floatride Energy 5,Running,Zapatillas Running,65,False,,65.13,,63.99,57.64,61.64
2025-11-26,PROD_009,Bowflex SelectTech 552,Fitness,Mancuernas Ajustables,400,True,,400.0,,402.82,368.78,381.1
2025-11-26,PROD_010,Domyos BM900,Fitness,Banco Gimnasio,175,True,,175.0,,173.15,151.19,174.56
2025-11-26,PROD_011,Reebok Professional Deck,Fitness,Esterilla Fitness,45,False,,45.05,,43.53,40.64,45.28
2025-11-26,PROD_012,Domyos Kit Mancuernas 20kg,Fitness,Pesas Casa,55,False,,55.37,,52.78,54.12,57.04
2025-11-26,PROD_013,Decathlon Bandas Elásticas Set,Fitness,Bandas Elásticas,25,False,,24.85,,23.6,22.79,25.12
2025-11-26,PROD_014,Sveltus Kettlebell 12kg,Fitness,Pesa Rusa,40,False,,40.6,,42.77,37.4,39.57
2025-11-26,PROD_015,Salomon Speedcross 5 GTX,Outdoor,Zapatillas Trail,150,True,,150.0,,133.92,155.9,136.38
2025-11-26,PROD_016,Trek Marlin 7,Outdoor,Bicicleta Montaña,830,True,,830.0,,765.06,774.03,829.35
2025-11-26,PROD_017,The North Face Borealis,Outdoor,Mochila Trekking,95,False,,93.73,,90.41,90.15,91.67
2025-11-26,PROD_018,Columbia Silver Ridge,Outdoor,Ropa Montaña,70,False,,70.92,,70.44,66.06,62.8
2025-11-26,PROD_019,Merrell Moab 2 GTX,Outdoor,Zapatillas Trail,110,False,,108.31,,108.48,99.81,110.52
2025-11-26,PROD_020,Quechua MH500,Outdoor,Ropa Montaña,80,False,,79.28,,78.26,73.39,81.95
2025-11-26,PROD_021,Manduka PRO Yoga Mat,Wellness,Esterilla Yoga,130,True,,130.0,,130.73,120.94,117.79
2025-11-26,PROD_022,Gaiam Premium Yoga Block,Wellness,Bloque Yoga,20,False,,19.98,,20.44,17.65,20.6
2025-11-26,PROD_023,Liforme Yoga Pad,Wellness,Rodillera Yoga,35,False,,35.51,,35.81,31.46,32.16
2025-11-26,PROD_024,Lotuscrafts Yoga Bolster,Wellness,Cojín Yoga,50,False,,50.85,,47.88,46.0,49.1
2025-11-27,PROD_001,Nike Air Zoom Pegasus 40,Running,Zapatillas Running,115,True,,115.0,,90.02,117.47,99.83
2025-11-27,PROD_002,Adidas Ultraboost 23,Running,Zapatillas Running,135,True,,135.0,,121.46,107.29,130.07
2025-11-27,PROD_003,Asics Gel Nimbus 25,Running,Zapatillas Running,85,False,,83.36,,77.88,77.76,81.12
2025-11-27,PROD_004,New Balance Fresh Foam X 1080v12,Running,Zapatillas Running,75,False,,75.48,,74.53,67.87,74.56
2025-11-27,PROD_005,Nike Dri-FIT Miler,Running,Ropa Running,35,False,,34.6,,36.76,30.05,33.34
2025-11-27,PROD_006,Adidas Own The Run Jacket,Running,Ropa Running,65,False,,64.7,,63.92,61.07,64.63
2025-11-27,PROD_007,Puma Velocity Nitro 2,Running,Zapatillas Running,70,False,,70.94,,70.08,64.56,68.25
2025-11-27,PROD_008,Reebok Floatride Energy 5,Running,Zapatillas Running,65,False,,65.58,,62.01,57.55,64.97
2025-11-27,PROD_009,Bowflex SelectTech 552,Fitness,Mancuernas Ajustables,400,True,,400.0,,382.2,337.2,386.86
2025-11-27,PROD_010,Domyos BM900,Fitness,Banco Gimnasio,175,True,,175.0,,176.94,144.38,157.37
2025-11-27,PROD_011,Reebok Professional Deck,Fitness,Esterilla Fitness,45,False,,44.21,,43.61,40.47,44.39
2025-11-27,PROD_012,Domyos Kit Mancuernas 20kg,Fitness,Pesas Casa,55,False,,55.04,,53.82,49.6,54.96
2025-11-27,PROD_013,Decathlon Bandas Elásticas Set,Fitness,Bandas Elásticas,25,False,,25.32,,24.81,23.39,26.3
2025-11-27,PROD_014,Sveltus Kettlebell 12kg,Fitness,Pesa Rusa,40,False,,39.21,,37.57,37.59,38.44
2025-11-27,PROD_015,Salomon Speedcross 5 GTX,Outdoor,Zapatillas Trail,150,True,,150.0,,146.53,140.65,149.84
2025-11-27,PROD_016,Trek Marlin 7,Outdoor,Bicicleta Montaña,830,True,,830.0,,703.01,809.21,819.67
2025-11-27,PROD_017,The North Face Borealis,Outdoor,Mochila Trekking,95,False,,95.07,,95.98,86.07,93.37
2025-11-27,PROD_018,Columbia Silver Ridge,Outdoor,Ropa Montaña,70,False,,69.49,,72.19,67.04,68.85
2025-11-27,PROD_019,Merrell Moab 2 GTX,Outdoor,Zapatillas Trail,110,False,,111.71,,116.76,101.37,109.06
2025-11-27,PROD_020,Quechua MH500,Outdoor,Ropa Montaña,80,False,,79.41,,75.95,72.43,77.43
2025-11-27,PROD_021,Manduka PRO Yoga Mat,Wellness,Esterilla Yoga,130,True,,130.0,,132.48,110.75,127.03
2025-11-27,PROD_022,Gaiam Premium Yoga Block,Wellness,Bloque Yoga,20,False,,20.11,,19.04,18.53,21.1
2025-11-27,PROD_023,Liforme Yoga Pad,Wellness,Rodillera Yoga,35,False,,34.48,,36.88,30.84,33.64
2025-11-27,PROD_024,Lotuscrafts Yoga Bolster,Wellness,Cojín Yoga,50,False,,49.82,,46.36,46.89,49.29
2025-11-28,PROD_001,Nike Air Zoom Pegasus 40,Running,Zapatillas Running,115,True,,97.75,,84.62,116.68,98.96
2025-11-28,PROD_002,Adidas Ultraboost 23,Running,Zapatillas Running,135,True,,114.75,,116.78,108.83,120.26
2025-11-28,PROD_003,Asics Gel Nimbus 25,Running,Zapatillas Running,85,False,,72.25,,85.09,74.81,80.79
2025-11-28,PROD_004,New Balance Fresh Foam X 1080v12,Running,Zapatillas Running,75,False,,63.75,,72.75,70.15,69.0
2025-11-28,PROD_005,Nike Dri-FIT Miler,Running,Ropa Running,35,False,,29.75,,34.09,28.7,33.22
2025-11-28,PROD_006,Adidas Own The Run Jacket,Running,Ropa Running,65,False,,55.25,,63.61,54.73,65.17
2025-11-28,PROD_007,Puma Velocity Nitro 2,Running,Zapatillas Running,70,False,,59.5,,62.22,63.05,72.47
2025-11-28,PROD_008,Reebok Floatride Energy 5,Running,Zapatillas Running,65,False,,55.25,,59.01,57.47,65.84
2025-11-28,PROD_009,Bowflex SelectTech 552,Fitness,Mancuernas Ajustables,400,True,,340.0,,379.53,306.81,334.33
2025-11-28,PROD_010,Domyos BM900,Fitness,Banco Gimnasio,175,True,,148.75,,184.16,151.84,163.84
2025-11-28,PROD_011,Reebok Professional Deck,Fitness,Esterilla Fitness,45,False,,38.25,,41.51,39.19,44.6
2025-11-28,PROD_012,Domyos Kit Mancuernas 20kg,Fitness,Pesas Casa,55,False,,46.75,,48.87,50.5,58.27
2025-11-28,PROD_013,Decathlon Bandas Elásticas Set,Fitness,Bandas Elásticas,25,False,,21.25,,20.72,22.12,23.86
2025-11-28,PROD_014,Sveltus Kettlebell 12kg,Fitness,Pesa Rusa,40,False,,34.0,,38.05,37.47,39.13
2025-11-28,PROD_015,Salomon Speedcross 5 GTX,Outdoor,Zapatillas Trail,150,True,,127.5,,138.2,148.52,130.33
2025-11-28,PROD_016,Trek Marlin 7,Outdoor,Bicicleta Montaña,830,True,,705.5,,727.16,732.98,747.2
2025-11-28,PROD_017,The North Face Borealis,Outdoor,Mochila Trekking,95,False,,80.75,,91.25,82.14,91.87
2025-11-28,PROD_018,Columbia Silver Ridge,Outdoor,Ropa Montaña,70,False,,59.5,,68.47,65.31,70.94
2025-11-28,PROD_019,Merrell Moab 2 GTX,Outdoor,Zapatillas Trail,110,False,,93.5,,109.73,90.48,107.01
2025-11-28,PROD_020,Quechua MH500,Outdoor,Ropa Montaña,80,False,,68.0,,75.25,71.42,77.76
2025-11-28,PROD_021,Manduka PRO Yoga Mat,Wellness,Esterilla Yoga,130,True,,110.5,,131.75,100.71,127.03
2025-11-28,PROD_022,Gaiam Premium Yoga Block,Wellness,Bloque Yoga,20,False,,17.0,,19.95,17.57,19.84
2025-11-28,PROD_023,Liforme Yoga Pad,Wellness,Rodillera Yoga,35,False,,29.75,,35.28,31.76,32.19
2025-11-28,PROD_024,Lotuscrafts Yoga Bolster,Wellness,Cojín Yoga,50,False,,42.5,,49.65,42.64,48.59
2025-11-29,PROD_001,Nike Air Zoom Pegasus 40,Running,Zapatillas Running,115,True,,115.0,,89.41,115.61,106.52
2025-11-29,PROD_002,Adidas Ultraboost 23,Running,Zapatillas Running,135,True,,135.0,,129.59,119.82,112.9
2025-11-29,PROD_003,Asics Gel Nimbus 25,Running,Zapatillas Running,85,False,,83.69,,80.89,79.81,80.57
2025-11-29,PROD_004,New Balance Fresh Foam X 1080v12,Running,Zapatillas Running,75,False,,74.87,,77.25,68.55,75.56
2025-11-29,PROD_005,Nike Dri-FIT Miler,Running,Ropa Running,35,False,,35.17,,37.28,30.11,34.8
2025-11-29,PROD_006,Adidas Own The Run Jacket,Running,Ropa Running,65,False,,64.06,,66.3,61.76,66.76
2025-11-29,PROD_007,Puma Velocity Nitro 2,Running,Zapatillas Running,70,False,,70.92,,72.59,64.36,72.11
2025-11-29,PROD_008,Reebok Floatride Energy 5,Running,Zapatillas Running,65,False,,64.95,,68.91,59.99,68.2
2025-11-29,PROD_009,Bowflex SelectTech 552,Fitness,Mancuernas Ajustables,400,True,,400.0,,362.06,335.4,368.86
2025-11-29,PROD_010,Domyos BM900,Fitness,Banco Gimnasio,175,True,,175.0,,187.85,149.64,172.02
2025-11-29,PROD_011,Reebok Professional Deck,Fitness,Esterilla Fitness,45,False,,45.0,,47.43,43.69,45.67
2025-11-29,PROD_012,Domyos Kit Mancuernas 20kg,Fitness,Pesas Casa,55,False,,55.24,,56.67,51.32,54.47
2025-11-29,PROD_013,Decathlon Bandas Elásticas Set,Fitness,Bandas Elásticas,25,False,,24.57,,23.47,22.8,25.47
2025-11-29,PROD_014,Sveltus Kettlebell 12kg,Fitness,Pesa Rusa,40,False,,40.19,,39.04,35.22,40.17
2025-11-29,PROD_015,Salomon Speedcross 5 GTX,Outdoor,Zapatillas Trail,150,True,,150.0,,137.14,145.77,128.51
2025-11-29,PROD_016,Trek Marlin 7,Outdoor,Bicicleta Montaña,830,True,,830.0,,744.12,700.42,770.41
2025-11-29,PROD_017,The North Face Borealis,Outdoor,Mochila Trekking,95,False,,94.99,,98.75,87.66,91.73
2025-11-29,PROD_018,Columbia Silver Ridge,Outdoor,Ropa Montaña,70,False,,70.26,,66.15,65.61,67.27
2025-11-29,PROD_019,Merrell Moab 2 GTX,Outdoor,Zapatillas Trail,110,False,,110.18,,103.49,102.27,111.7
2025-11-29,PROD_020,Quechua MH500,Outdoor,Ropa Montaña,80,False,,79.79,,78.69,74.73,79.44
2025-11-29,PROD_021,Manduka PRO Yoga Mat,Wellness,Esterilla Yoga,130,True,,130.0,,140.11,108.33,137.02
2025-11-29,PROD_022,Gaiam Premium Yoga Block,Wellness,Bloque Yoga,20,False,,19.78,,18.74,18.78,19.63
2025-11-29,PROD_023,Liforme Yoga Pad,Wellness,Rodillera Yoga,35,False,,35.1,,35.06,31.34,33.66
2025-11-29,PROD_024,Lotuscrafts Yoga Bolster,Wellness,Cojín Yoga,50,False,,50.37,,50.17,45.08,48.64
2025-11-30,PROD_001,Nike Air Zoom Pegasus 40,Running,Zapatillas Running,115,True,,115.0,,89.5,115.22,96.99
2025-11-30,PROD_002,Adidas Ultraboost 23,Running,Zapatillas Running,135,True,,135.0,,123.73,111.02,125.09
2025-11-30,PROD_003,Asics Gel Nimbus 25,Running,Zapatillas Running,85,False,,86.08,,91.09,84.57,83.5
2025-11-30,PROD_004,New Balance Fresh Foam X 1080v12,Running,Zapatillas Running,75,False,,76.22,,74.06,69.07,72.76
2025-11-30,PROD_005,Nike Dri-FIT Miler,Running,Ropa Running,35,False,,34.94,,34.76,32.47,36.34
2025-11-30,PROD_006,Adidas Own The Run Jacket,Running,Ropa Running,65,False,,65.75,,64.9,58.42,62.32
2025-11-30,PROD_007,Puma Velocity Nitro 2,Running,Zapatillas Running,70,False,,70.28,,66.4,64.91,69.22
2025-11-30,PROD_008,Reebok Floatride Energy 5,Running,Zapatillas Running,65,False,,65.17,,60.59,60.48,64.12
2025-11-30,PROD_009,Bowflex SelectTech 552,Fitness,Mancuernas Ajustables,400,True,,400.0,,422.4,344.71,388.63
2025-11-30,PROD_010,Domyos BM900,Fitness,Banco Gimnasio,175,True,,175.0,,176.95,154.96,185.32
2025-11-30,PROD_011,Reebok Professional Deck,Fitness,Esterilla Fitness,45,False,,44.51,,42.59,42.0,44.09
2025-11-30,PROD_012,Domyos Kit Mancuernas 20kg,Fitness,Pesas Casa,55,False,,55.94,,55.85,49.1,54.41
2025-11-30,PROD_013,Decathlon Bandas Elásticas Set,Fitness,Bandas Elásticas,25,False,,25.47,,22.36,22.25,22.17
2025-11-30,PROD_014,Sveltus Kettlebell 12kg,Fitness,Pesa Rusa,40,False,,39.21,,43.11,35.61,40.7
2025-11-30,PROD_015,Salomon Speedcross 5 GTX,Outdoor,Zapatillas Trail,150,True,,150.0,,138.02,164.32,142.78
2025-11-30,PROD_016,Trek Marlin 7,Outdoor,Bicicleta Montaña,830,True,,830.0,,757.9,771.23,851.27
2025-11-30,PROD_017,The North Face Borealis,Outdoor,Mochila Trekking,95,False,,96.22,,100.88,85.16,87.87
2025-11-30,PROD_018,Columbia Silver Ridge,Outdoor,Ropa Montaña,70,False,,69.68,,69.88,68.49,69.3
2025-11-30,PROD_019,Merrell Moab 2 GTX,Outdoor,Zapatillas Trail,110,False,,109.74,,104.15,97.19,104.04
2025-11-30,PROD_020,Quechua MH500,Outdoor,Ropa Montaña,80,False,,79.64,,88.13,76.22,82.24
2025-11-30,PROD_021,Manduka PRO Yoga Mat,Wellness,Esterilla Yoga,130,True,,130.0,,137.24,104.62,120.0
2025-11-30,PROD_022,Gaiam Premium Yoga Block,Wellness,Bloque Yoga,20,False,,20.18,,19.82,17.71,19.96
2025-11-30,PROD_023,Liforme Yoga Pad,Wellness,Rodillera Yoga,35,False,,34.79,,33.0,30.41,36.41
2025-11-30,PROD_024,Lotuscrafts Yoga Bolster,Wellness,Cojín Yoga,50,False,,49.62,,50.0,42.97,45.65
